,Directory,Sample_Name,Plate_Position,96_Well_Plate_1,Position,Isolate,SeedID,Geno_Cross,Column,Flat,QC,Note
1,BL000001.D,BLANK,-,,,NA,NA,NA,NA,NA,NA,NA
2,BL000002.D,BLANK,-,,,NA,NA,NA,NA,NA,NA,NA
3,BL000003.D,BLANK,-,,,NA,NA,NA,NA,NA,NA,NA
4,BL000004.D,PLATE1,P1-A-01,PLATE5,A1,Noble Rot,4B52,B - Col/ Ws,A,K,Ler/Ws,NA
5,BL000005.D,PLATE1,P1-A-02,PLATE5,A2,Noble Rot,4C12,C - Ws/Ler,A,K,Ler/Colo,good
6,BL000006.D,PLATE1,P1-A-03,PLATE5,A3,Noble Rot,4G21,G - Ler/Col,A,K,,good
7,BL000007.D,PLATE1,P1-A-04,PLATE5,A4,Noble Rot,4D42,D - Ler/ Ws,A,K,Ler/Colo,good
8,BL000008.D,PLATE1,P1-A-05,PLATE5,A5,Noble Rot,4F21,F - Col/Ler,A,K,,good
9,BL000009.D,PLATE1,P1-A-06,PLATE5,A6,Noble Rot,4B31,B - Col/ Ws,A,K,Ler/Colo,fail
10,BL000010.D,PLATE1,P1-A-07,PLATE5,A7,Noble Rot,4C21,C - Ws/Ler,A,K,Ler,fail
11,BL000011.D,PLATE1,P1-A-08,PLATE5,A8,Noble Rot,4D31,D - Ler/ Ws,A,K,?,good
12,BL000012.D,PLATE1,P1-A-09,PLATE5,A9,1.3.19,4B52,B - Col/ Ws,A,K,Ws/Colo,good
13,BL000013.D,PLATE1,P1-A-10,PLATE5,A10,1.3.19,4C12,C - Ws/Ler,A,K,Ler/Colo,good
14,BL000014.D,PLATE1,P1-A-11,PLATE5,A11,1.3.19,4G21,G - Ler/Col,A,K,,good
15,BL000015.D,PLATE1,P1-A-12,PLATE5,A12,1.3.19,4D42,D - Ler/ Ws,A,K,Ler/Colo,good
16,BL000016.D,PLATE1,P1-B-01,PLATE5,B1,1.3.19,4F21,F - Col/Ler,A,K,,good
17,BL000017.D,PLATE1,P1-B-02,PLATE5,B2,1.3.19,4B31,B - Col/ Ws,A,K,Colo,fail
18,BL000018.D,PLATE1,P1-B-03,PLATE5,B3,1.3.19,4C21,C - Ws/Ler,A,K,Ler,fail
19,BL000019.D,PLATE1,P1-B-04,PLATE5,B4,1.3.19,4G52,G - Ler/Col,A,K,,good
20,BL000020.D,PLATE1,P1-B-05,PLATE5,B5,1.3.19,4D31,D - Ler/ Ws,A,K,Ler,fail
21,BL000021.D,PLATE1,P1-B-06,PLATE5,B6,MEA PGG,4B52,B - Col/ Ws,A,K,Ler/Colo,fail
22,BL000022.D,PLATE1,P1-B-07,PLATE5,B7,MEA PGG,4C12,C - Ws/Ler,A,K,Ler/Colo,good
23,BL000023.D,PLATE1,P1-B-08,PLATE5,B8,MEA PGG,4G21,G - Ler/Col,A,K,,good
24,BL000024.D,PLATE1,P1-B-09,PLATE5,B9,MEA PGG,4D42,D - Ler/ Ws,A,K,Ler/Colo,good
25,BL000025.D,PLATE1,P1-B-10,PLATE5,B10,MEA PGG,4F21,F - Col/Ler,A,K,,good
26,BL000026.D,PLATE1,P1-B-11,PLATE5,B11,MEA PGG,4B31,B - Col/ Ws,A,K,Ler/Colo,good
27,BL000027.D,PLATE1,P1-B-12,PLATE5,B12,MEA PGG,4C21,C - Ws/Ler,A,K,Ler,fail
28,BL000028.D,PLATE1,P1-C-01,PLATE5,C1,MEA PGG,4G52,G - Ler/Col,A,K,,good
29,BL000029.D,PLATE1,P1-C-02,PLATE5,C2,MEA PGG,4D31,D - Ler/ Ws,A,K,,good
30,BL000030.D,PLATE1,P1-C-03,PLATE5,C3,Control,4B52,B - Col/ Ws,A,K,Ler/Colo,fail
31,BL000031.D,PLATE1,P1-C-04,PLATE5,C4,Control,4C12,C - Ws/Ler,A,K,Ler/Colo,good
32,BL000032.D,PLATE1,P1-C-05,PLATE5,C5,Control,4G21,G - Ler/Col,A,K,,good
33,BL000033.D,PLATE1,P1-C-06,PLATE5,C6,Control,4D42,D - Ler/ Ws,A,K,Ler/Colo,good
34,BL000034.D,PLATE1,P1-C-07,PLATE5,C7,Control,4F21,F - Col/Ler,A,K,,good
35,BL000035.D,PLATE1,P1-C-08,PLATE5,C8,Control,4B31,B - Col/ Ws,A,K,,good
36,BL000036.D,PLATE1,P1-C-09,PLATE5,C9,Control,4C21,C - Ws/Ler,A,K,Ler,fail
37,BL000037.D,PLATE1,P1-C-10,PLATE5,C10,Control,4G52,G - Ler/Col,A,K,,good
38,BL000038.D,PLATE1,P1-C-11,PLATE5,C11,Control,4D31,D - Ler/ Ws,A,K,Ler,fail
39,BL000039.D,PLATE1,P1-C-12,PLATE5,C12,1.2.16,4B52,B - Col/ Ws,A,K,Colo,fail
40,BL000040.D,PLATE1,P1-D-01,PLATE5,D1,1.2.16,4C12,C - Ws/Ler,A,K,Ler/Colo,good
41,BL000041.D,PLATE1,P1-D-02,PLATE5,D2,1.2.16,4G21,G - Ler/Col,A,K,,good
42,BL000042.D,PLATE1,P1-D-03,PLATE5,D3,1.2.16,4D42,D - Ler/ Ws,A,K,Ler/Colo,good
43,BL000043.D,PLATE1,P1-D-04,PLATE5,D4,1.2.16,4F21,F - Col/Ler,A,K,,good
44,BL000044.D,PLATE1,P1-D-05,PLATE5,D5,1.2.16,4B31,B - Col/ Ws,A,K,Ler/Colo,fail
45,BL000045.D,PLATE1,P1-D-06,PLATE5,D6,1.2.16,4C21,C - Ws/Ler,A,K,Ler,fail
46,BL000046.D,PLATE1,P1-D-07,PLATE5,D7,1.2.16,4G52,G - Ler/Col,A,K,,good
47,BL000047.D,PLATE1,P1-D-08,PLATE5,D8,1.2.16,4D31,D - Ler/ Ws,A,K,Ler,fail
48,BL000048.D,PLATE1,P1-D-09,PLATE5,D9,Noble Rot,4B11,B - Col/ Ws,B,K,Ler/Colo,fail
49,BL000049.D,PLATE1,P1-D-10,PLATE5,D10,Noble Rot,4G31,G - Ler/Col,B,K,,good
50,BL000050.D,PLATE1,P1-D-11,PLATE5,D11,Noble Rot,4G41,G - Ler/Col,B,K,Colo,fail
51,BL000051.D,PLATE1,P1-D-12,PLATE5,D12,Noble Rot,4B42,B - Col/ Ws,B,K,Colo,fail
52,BL000052.D,PLATE1,P1-E-01,PLATE5,E1,Noble Rot,4C31,C - Ws/Ler,B,K,Ler,fail
53,BL000053.D,PLATE1,P1-E-02,PLATE5,E2,Noble Rot,4C52,C - Ws/Ler,B,K,Ler,fail
54,BL000054.D,PLATE1,P1-E-03,PLATE5,E3,Noble Rot,4F31,F - Col/Ler,B,K,,good
55,BL000055.D,PLATE1,P1-E-04,PLATE5,E4,Noble Rot,4C62,C - Ws/Ler,B,K,Ler,fail
56,BL000056.D,PLATE1,P1-E-05,PLATE5,E5,Noble Rot,4G32,G - Ler/Col,B,K,,good
57,BL000057.D,PLATE1,P1-E-06,PLATE5,E6,1.2.16,4B11,B - Col/ Ws,B,K,Ler/Colo,fail
58,BL000058.D,PLATE1,P1-E-07,PLATE5,E7,1.2.16,4G31,G - Ler/Col,B,K,,good
59,BL000059.D,PLATE1,P1-E-08,PLATE5,E8,1.2.16,4G41,G - Ler/Col,B,K,,Bad Peaks
60,BL000060.D,PLATE1,P1-E-09,PLATE5,E9,1.2.16,4B42,B - Col/ Ws,B,K,Colo,fail
61,BL000061.D,PLATE1,P1-E-10,PLATE5,E10,1.2.16,4C31,C - Ws/Ler,B,K,Ler,fail
62,BL000062.D,PLATE1,P1-E-11,PLATE5,E11,1.2.16,4C52,C - Ws/Ler,B,K,Ler,fail
63,BL000063.D,PLATE1,P1-E-12,PLATE5,E12,1.2.16,4F31,F - Col/Ler,B,K,,good
64,BL000064.D,PLATE1,P1-F-01,PLATE5,F1,1.2.16,4C62,C - Ws/Ler,B,K,Ler,fail
65,BL000065.D,PLATE1,P1-F-02,PLATE5,F2,1.2.16,4G32,G - Ler/Col,B,K,,good
66,BL000066.D,PLATE1,P1-F-03,PLATE5,F3,Control,4B11,B - Col/ Ws,B,K,Ler/Colo,good
67,BL000067.D,PLATE1,P1-F-04,PLATE5,F4,Control,4G31,G - Ler/Col,B,K,,good
68,BL000068.D,PLATE1,P1-F-05,PLATE5,F5,Control,4G41,G - Ler/Col,B,K,,good
69,BL000069.D,PLATE1,P1-F-06,PLATE5,F6,Control,4B42,B - Col/ Ws,B,K,Colo,fail
70,BL000070.D,PLATE1,P1-F-07,PLATE5,F7,Control,4C31,C - Ws/Ler,B,K,Ler,fail
71,BL000071.D,PLATE1,P1-F-08,PLATE5,F8,Control,4C52,C - Ws/Ler,B,K,Ler,good
72,BL000072.D,PLATE1,P1-F-09,PLATE5,F9,Control,4F31,F - Col/Ler,B,K,,good
73,BL000073.D,PLATE1,P1-F-10,PLATE5,F10,Control,4C62,C - Ws/Ler,B,K,Ler,fail
74,BL000074.D,PLATE1,P1-F-11,PLATE5,F11,Control,4G32,G - Ler/Col,B,K,,good
75,BL000075.D,PLATE1,P1-F-12,PLATE5,F12,MEA PGG,4B11,B - Col/ Ws,B,K,Ler/Colo,fail
76,BL000076.D,PLATE1,P1-G-01,PLATE5,G1,MEA PGG,4G31,G - Ler/Col,B,K,Colo,fail
77,BL000077.D,PLATE1,P1-G-02,PLATE5,G2,MEA PGG,4G41,G - Ler/Col,B,K,,good
78,BL000078.D,PLATE1,P1-G-03,PLATE5,G3,MEA PGG,4B42,B - Col/ Ws,B,K,Colo,fail
79,BL000079.D,PLATE1,P1-G-04,PLATE5,G4,MEA PGG,4C31,C - Ws/Ler,B,K,Ler,fail
80,BL000080.D,PLATE1,P1-G-05,PLATE5,G5,MEA PGG,4C52,C - Ws/Ler,B,K,Ler,fail
81,BL000081.D,PLATE1,P1-G-06,PLATE5,G6,MEA PGG,4F31,F - Col/Ler,B,K,Colo,fail
82,BL000082.D,PLATE1,P1-G-07,PLATE5,G7,MEA PGG,4C62,C - Ws/Ler,B,K,Ler,fail
83,BL000083.D,PLATE1,P1-G-08,PLATE5,G8,MEA PGG,4G32,G - Ler/Col,B,K,,good
84,BL000084.D,PLATE1,P1-G-09,PLATE5,G9,1.3.19,4B11,B - Col/ Ws,B,K,Ler/colo,fail
85,BL000085.D,PLATE1,P1-G-10,PLATE5,G10,1.3.19,4G31,G - Ler/Col,B,K,Colo,fail
86,BL000086.D,PLATE1,P1-G-11,PLATE5,G11,1.3.19,4G41,G - Ler/Col,B,K,Colo,fail
87,BL000087.D,PLATE1,P1-G-12,PLATE5,G12,1.3.19,4B42,B - Col/ Ws,B,K,Colo,fail
88,BL000088.D,PLATE1,P1-H-01,PLATE5,H1,1.3.19,4C31,C - Ws/Ler,B,K,Ler,fail
89,BL000089.D,PLATE1,P1-H-02,PLATE5,H2,1.3.19,4C52,C - Ws/Ler,B,K,Ler,fail
90,BL000090.D,PLATE1,P1-H-03,PLATE5,H3,1.3.19,4F31,F - Col/Ler,B,K,,good
91,BL000091.D,PLATE1,P1-H-04,PLATE5,H4,1.3.19,4C62,C - Ws/Ler,B,K,Ler,fail
92,BL000092.D,PLATE1,P1-H-05,PLATE5,H5,1.3.19,4G32,G - Ler/Col,B,K,,good
93,BL000093.D,PLATE1,P1-H-06,PLATE5,H6,Noble Rot,4G52,G - Ler/Col,A,K,Ler/Colo,good
94,BL000094.D,PLATE1,P1-H-07,PLATE5,NA,NA,NA,NA,NA,NA,NA,NA
95,BL000095.D,PLATE1,P1-H-08,PLATE5,NA,NA,NA,NA,NA,NA,NA,NA
96,BL000096.D,PLATE1,P1-H-09,PLATE5,NA,NA,NA,NA,NA,NA,NA,NA
97,BL000097.D,PLATE1,P1-H-10,PLATE5,NA,NA,NA,NA,NA,NA,NA,NA
98,BL000098.D,PLATE1,P1-H-11,PLATE5,NA,NA,NA,NA,NA,NA,NA,NA
99,BL000099.D,PLATE1,P1-H-12,PLATE5,NA,NA,NA,NA,NA,NA,NA,NA
100,BL000100.D,PLATE2,P2-A-01,PLATE6,A1,Control,4A31,A - Ws/Col,A,L,fail,fail
101,BL000101.D,PLATE2,P2-A-02,PLATE6,A2,Control,4F12,F - Col/Ler,A,L,good,good
102,BL000102.D,PLATE2,P2-A-03,PLATE6,A3,Control,4F61,F - Col/Ler,A,L,good,good
103,BL000103.D,PLATE2,P2-A-04,PLATE6,A4,Control,4G62,G - Ler/Col,A,L,fail,fail
104,BL000104.D,PLATE2,P2-A-05,PLATE6,A5,Control,4A32,A - Ws/Col,A,L,fail,fail
105,BL000105.D,PLATE2,P2-A-06,PLATE6,A6,Control,4D11,D - Ler/ Ws,A,L,good,good
106,BL000106.D,PLATE2,P2-A-07,PLATE6,A7,Control,4D62,D - Ler/ Ws,A,L,fail,fail
107,BL000107.D,PLATE2,P2-A-08,PLATE6,A8,Control,4A21,A - Ws/Col,A,L,good,good
108,BL000108.D,PLATE2,P2-A-09,PLATE6,A9,Control,4A42,A - Ws/Col,A,L,fail,fail
109,BL000109.D,PLATE2,P2-A-10,PLATE6,A10,MEA PGG,4A31,A - Ws/Col,A,L,good,good
110,BL000110.D,PLATE2,P2-A-11,PLATE6,A11,MEA PGG,4F12,F - Col/Ler,A,L,fail,fail
111,BL000111.D,PLATE2,P2-A-12,PLATE6,A12,MEA PGG,4F61,F - Col/Ler,A,L,fail,fail
112,BL000112.D,PLATE2,P2-B-01,PLATE6,B1,MEA PGG,4G62,G - Ler/Col,A,L,good,good
113,BL000113.D,PLATE2,P2-B-02,PLATE6,B2,MEA PGG,4A32,A - Ws/Col,A,L,fail,fail
114,BL000114.D,PLATE2,P2-B-03,PLATE6,B3,MEA PGG,4D11,D - Ler/ Ws,A,L,fail,fail
115,BL000115.D,PLATE2,P2-B-04,PLATE6,B4,MEA PGG,4D62,D - Ler/ Ws,A,L,fail,fail
116,BL000116.D,PLATE2,P2-B-05,PLATE6,B5,MEA PGG,4A21,A - Ws/Col,A,L,fail,fail
117,BL000117.D,PLATE2,P2-B-06,PLATE6,B6,MEA PGG,4A42,A - Ws/Col,A,L,good,good
118,BL000118.D,PLATE2,P2-B-07,PLATE6,B7,1.2.16,4A31,A - Ws/Col,A,L,fail,fail
119,BL000119.D,PLATE2,P2-B-08,PLATE6,B8,1.2.16,4F12,F - Col/Ler,A,L,good,good
120,BL000120.D,PLATE2,P2-B-09,PLATE6,B9,1.2.16,4F61,F - Col/Ler,A,L,fail,fail
121,BL000121.D,PLATE2,P2-B-10,PLATE6,B10,1.2.16,4G62,G - Ler/Col,A,L,good,good
122,BL000122.D,PLATE2,P2-B-11,PLATE6,B11,1.2.16,4A32,A - Ws/Col,A,L,fail,fail
123,BL000123.D,PLATE2,P2-B-12,PLATE6,B12,1.2.16,4D11,D - Ler/ Ws,A,L,fail,fail
124,BL000124.D,PLATE2,P2-C-01,PLATE6,C1,1.2.16,4D62,D - Ler/ Ws,A,L,good,good
125,BL000125.D,PLATE2,P2-C-02,PLATE6,C2,1.2.16,4A21,A - Ws/Col,A,L,fail,fail
126,BL000126.D,PLATE2,P2-C-03,PLATE6,C3,1.2.16,4A42,A - Ws/Col,A,L,fail,fail
127,BL000127.D,PLATE2,P2-C-04,PLATE6,C4,Noble Rot,4A31,A - Ws/Col,A,L,fail,fail
128,BL000128.D,PLATE2,P2-C-05,PLATE6,C5,Noble Rot,4F12,F - Col/Ler,A,L,fail,fail
129,BL000129.D,PLATE2,P2-C-06,PLATE6,C6,Noble Rot,4F61,F - Col/Ler,A,L,fail,fail
130,BL000130.D,PLATE2,P2-C-07,PLATE6,C7,Noble Rot,4G62,G - Ler/Col,A,L,good,good
131,BL000131.D,PLATE2,P2-C-08,PLATE6,C8,Noble Rot,4A32,A - Ws/Col,A,L,fail,fail
132,BL000132.D,PLATE2,P2-C-09,PLATE6,C9,Noble Rot,4D11,D - Ler/ Ws,A,L,fail,fail
133,BL000133.D,PLATE2,P2-C-10,PLATE6,C10,Noble Rot,4D62,D - Ler/ Ws,A,L,fail,fail
134,BL000134.D,PLATE2,P2-C-11,PLATE6,C11,Noble Rot,4A21,A - Ws/Col,A,L,fail,fail
135,BL000135.D,PLATE2,P2-C-12,PLATE6,C12,Noble Rot,4A42,A - Ws/Col,A,L,good,good
136,BL000136.D,PLATE2,P2-D-01,PLATE6,D1,1.3.19,4A31,A - Ws/Col,A,L,fail,fail
137,BL000137.D,PLATE2,P2-D-02,PLATE6,D2,1.3.19,4F12,F - Col/Ler,A,L,fail,fail
138,BL000138.D,PLATE2,P2-D-03,PLATE6,D3,1.3.19,4F61,F - Col/Ler,A,L,fail,fail
139,BL000139.D,PLATE2,P2-D-04,PLATE6,D4,1.3.19,4G62,G - Ler/Col,A,L,good,good
140,BL000140.D,PLATE2,P2-D-05,PLATE6,D5,1.3.19,4A32,A - Ws/Col,A,L,fail,fail
141,BL000141.D,PLATE2,P2-D-06,PLATE6,D6,1.3.19,4D11,D - Ler/ Ws,A,L,fail,fail
142,BL000142.D,PLATE2,P2-D-07,PLATE6,D7,1.3.19,4D62,D - Ler/ Ws,A,L,fail,fail
143,BL000143.D,PLATE2,P2-D-08,PLATE6,D8,1.3.19,4A21,A - Ws/Col,A,L,fail,fail
144,BL000144.D,PLATE2,P2-D-09,PLATE6,D9,1.3.19,4A42,A - Ws/Col,A,L,fail,fail
145,BL000145.D,PLATE2,P2-D-10,PLATE6,D10,MEA PGG,4D12,D - Ler/ Ws,B,L,fail,fail
146,BL000146.D,PLATE2,P2-D-11,PLATE6,D11,MEA PGG,4F52,F - Col/Ler,B,L,good,good
147,BL000147.D,PLATE2,P2-D-12,PLATE6,D12,MEA PGG,4A62,A - Ws/Col,B,L,fail,fail
148,BL000148.D,PLATE2,P2-E-01,PLATE6,E1,MEA PGG,4A11,A - Ws/Col,B,L,good,good
149,BL000149.D,PLATE2,P2-E-02,PLATE6,E2,MEA PGG,4B62,B - Col/ Ws,B,L,fail,fail
150,BL000150.D,PLATE2,P2-E-03,PLATE6,E3,MEA PGG,4C11,C - Ws/Ler,B,L,fail,fail
151,BL000151.D,PLATE2,P2-E-04,PLATE6,E4,MEA PGG,4F42,F - Col/Ler,B,L,good,good
152,BL000152.D,PLATE2,P2-E-05,PLATE6,E5,MEA PGG,4D51,D - Ler/ Ws,B,L,fail,fail
153,BL000153.D,PLATE2,P2-E-06,PLATE6,E6,MEA PGG,4B21,B - Col/ Ws,B,L,good,good
154,BL000154.D,PLATE2,P2-E-07,PLATE6,E7,1.3.19,4D12,D - Ler/ Ws,B,L,fail,fail
155,BL000155.D,PLATE2,P2-E-08,PLATE6,E8,1.3.19,4F52,F - Col/Ler,B,L,good,good
156,BL000156.D,PLATE2,P2-E-09,PLATE6,E9,1.3.19,4A62,A - Ws/Col,B,L,fail,fail
157,BL000157.D,PLATE2,P2-E-10,PLATE6,E10,1.3.19,4A11,A - Ws/Col,B,L,fail,fail
158,BL000158.D,PLATE2,P2-E-11,PLATE6,E11,1.3.19,4B62,B - Col/ Ws,B,L,fail,fail
159,BL000159.D,PLATE2,P2-E-12,PLATE6,E12,1.3.19,4F42,F - Col/Ler,B,L,good,good
160,BL000160.D,PLATE2,P2-F-01,PLATE6,F1,1.3.19,4D51,D - Ler/ Ws,B,L,fail,fail
161,BL000161.D,PLATE2,P2-F-02,PLATE6,F2,1.3.19,4B21,B - Col/ Ws,B,L,fail,fail
162,BL000162.D,PLATE2,P2-F-03,PLATE6,F3,1.2.16,4D12,D - Ler/ Ws,B,L,fail,fail
163,BL000163.D,PLATE2,P2-F-04,PLATE6,F4,1.2.16,4F52,F - Col/Ler,B,L,fail,fail
164,BL000164.D,PLATE2,P2-F-05,PLATE6,F5,1.2.16,4A62,A - Ws/Col,B,L,good,good
165,BL000165.D,PLATE2,P2-F-06,PLATE6,F6,1.2.16,4A11,A - Ws/Col,B,L,fail,fail
166,BL000166.D,PLATE2,P2-F-07,PLATE6,F7,1.2.16,4B62,B - Col/ Ws,B,L,fail,fail
167,BL000167.D,PLATE2,P2-F-08,PLATE6,F8,1.2.16,4C11,C - Ws/Ler,B,L,fail,fail
168,BL000168.D,PLATE2,P2-F-09,PLATE6,F9,1.2.16,4F42,F - Col/Ler,B,L,good,good
169,BL000169.D,PLATE2,P2-F-10,PLATE6,F10,1.2.16,4D51,D - Ler/ Ws,B,L,fail,fail
170,BL000170.D,PLATE2,P2-F-11,PLATE6,F11,1.2.16,4B21,B - Col/ Ws,B,L,fail,fail
171,BL000171.D,PLATE2,P2-F-12,PLATE6,F12,Control,4D12,D - Ler/ Ws,B,L,good,good
172,BL000172.D,PLATE2,P2-G-01,PLATE6,G1,Control,4F52,F - Col/Ler,B,L,fail,fail
173,BL000173.D,PLATE2,P2-G-02,PLATE6,G2,Control,4A62,A - Ws/Col,B,L,fail,fail
174,BL000174.D,PLATE2,P2-G-03,PLATE6,G3,Control,4A11,A - Ws/Col,B,L,good,good
175,BL000175.D,PLATE2,P2-G-04,PLATE6,G4,Control,4B62,B - Col/ Ws,B,L,fail,fail
176,BL000176.D,PLATE2,P2-G-05,PLATE6,G5,Control,4C11,C - Ws/Ler,B,L,fail,fail
177,BL000177.D,PLATE2,P2-G-06,PLATE6,G6,Control,4F42,F - Col/Ler,B,L,good,good
178,BL000178.D,PLATE2,P2-G-07,PLATE6,G7,Control,4D51,D - Ler/ Ws,B,L,fail,fail
179,BL000179.D,PLATE2,P2-G-08,PLATE6,G8,Control,4B21,B - Col/ Ws,B,L,fail,fail
180,BL000180.D,PLATE2,P2-G-09,PLATE6,G9,Noble Rot,4D12,D - Ler/ Ws,B,L,fail,fail
181,BL000181.D,PLATE2,P2-G-10,PLATE6,G10,Noble Rot,4F52,F - Col/Ler,B,L,good,good
182,BL000182.D,PLATE2,P2-G-11,PLATE6,G11,Noble Rot,4A62,A - Ws/Col,B,L,fail,fail
183,BL000183.D,PLATE2,P2-G-12,PLATE6,G12,Noble Rot,4A11,A - Ws/Col,B,L,fail,fail
184,BL000184.D,PLATE2,P2-H-01,PLATE6,H1,Noble Rot,4B62,B - Col/ Ws,B,L,good,good
185,BL000185.D,PLATE2,P2-H-02,PLATE6,H2,Noble Rot,4C11,C - Ws/Ler,B,L,fail,fail
186,BL000186.D,PLATE2,P2-H-03,PLATE6,H3,Noble Rot,4F42,F - Col/Ler,B,L,good,good
187,BL000187.D,PLATE2,P2-H-04,PLATE6,H4,Noble Rot,4D51,D - Ler/ Ws,B,L,fail,fail
188,BL000188.D,PLATE2,P2-H-05,PLATE6,H5,Noble Rot,4B21,B - Col/ Ws,B,L,fail,fail
189,BL000189.D,PLATE2,P2-H-06,PLATE6,H6,1.3.19,4C11,C - Ws/Ler,B,L,fail,fail
190,BL000190.D,PLATE2,P2-H-07,PLATE6,NA,NA,NA,NA,NA,NA,NA,NA
191,BL000191.D,PLATE2,P2-H-08,PLATE6,NA,NA,NA,NA,NA,NA,NA,NA
192,BL000192.D,PLATE2,P2-H-09,PLATE6,NA,NA,NA,NA,NA,NA,NA,NA
193,BL000193.D,PLATE2,P2-H-10,PLATE6,NA,NA,NA,NA,NA,NA,NA,NA
194,BL000194.D,PLATE2,P2-H-11,PLATE6,NA,NA,NA,NA,NA,NA,NA,NA
195,BL000195.D,PLATE2,P2-H-12,PLATE6,NA,NA,NA,NA,NA,NA,NA,NA
4,UGT000004.D,PLATE1,P1-A-01,PLATE1,A1,1.2.16,2C51,C - Ws/Ler,A,O,,good
5,UGT000005.D,PLATE1,P1-A-02,PLATE1,A2,1.2.16,2C11,C - Ws/Ler,A,O,Ler,fail
6,UGT000006.D,PLATE1,P1-A-03,PLATE1,A3,1.2.16,2A12,A - Ws/Col,A,O,Col-0,fail
7,UGT000007.D,PLATE1,P1-A-04,PLATE1,A4,1.2.16,2A22,A - Ws/Col,A,O,,good
s,UGT000008.D,PLATE1,P1-A-05,PLATE1,A5,1.2.16,2G32,G - Ler/Col,A,O,,good
9,UGT000009.D,PLATE1,P1-A-06,PLATE1,A6,1.2.16,2B21,B - Col/ Ws,A,O,Col-0,fail
10,UGT000010.D,PLATE1,P1-A-07,PLATE1,A7,1.2.16,2C31,C - Ws/Ler,A,O,Ler/Colo,good
11,UGT000011.D,PLATE1,P1-A-08,PLATE1,A8,1.2.16,2D12,D - Ler/ Ws,A,O,Ler/Colo,good
12,UGT000012.D,PLATE1,P1-A-09,PLATE1,A9,1.2.16,2D22,D - Ler/ Ws,A,O,Ler,fail
13,UGT000013.D,PLATE1,P1-A-10,PLATE1,A10,MEA PGG,2C51,C - Ws/Ler,A,O,Ler/Colo,good
14,UGT000014.D,PLATE1,P1-A-11,PLATE1,A11,MEA PGG,2C11,C - Ws/Ler,A,O,Ler,fail
15,UGT000015.D,PLATE1,P1-A-12,PLATE1,A12,MEA PGG,2A12,A - Ws/Col,A,O,Col-0,fail
16,UGT000016.D,PLATE1,P1-B-01,PLATE1,B1,MEA PGG,2A22,A - Ws/Col,A,O,,good
17,UGT000017.D,PLATE1,P1-B-02,PLATE1,B2,MEA PGG,2G32,G - Ler/Col,A,O,,good
18,UGT000018.D,PLATE1,P1-B-03,PLATE1,B3,MEA PGG,2B21,B - Col/ Ws,A,O,Col-0,fail
19,UGT000019.D,PLATE1,P1-B-04,PLATE1,B4,MEA PGG,2C31,C - Ws/Ler,A,O,Ler/Colo,good
20,UGT000020.D,PLATE1,P1-B-05,PLATE1,B5,MEA PGG,2D12,D - Ler/ Ws,A,O,Ler/Colo,good
21,UGT000021.D,PLATE1,P1-B-06,PLATE1,B6,MEA PGG,2D22,D - Ler/ Ws,A,O,Ler,fail
22,UGT000022.D,PLATE1,P1-B-07,PLATE1,B7,Control,2C51,C - Ws/Ler,A,O,Ler/Colo,good
23,UGT000023.D,PLATE1,P1-B-08,PLATE1,B8,Control,2C11,C - Ws/Ler,A,O,Ler,fail
24,UGT000024.D,PLATE1,P1-B-09,PLATE1,B9,Control,2A12,A - Ws/Col,A,O,Ler/Colo,good
25,UGT000025.D,PLATE1,P1-B-10,PLATE1,B10,Control,2A22,A - Ws/Col,A,O,,good
26,UGT000026.D,PLATE1,P1-B-11,PLATE1,B11,Control,2G32,G - Ler/Col,A,O,,good
27,UGT000027.D,PLATE1,P1-B-12,PLATE1,B12,Control,2B21,B - Col/ Ws,A,O,Ler/Colo,fail
28,UGT000028.D,PLATE1,P1-C-01,PLATE1,C1,Control,2C31,C - Ws/Ler,A,O,Ler/Colo,good
29,UGT000029.D,PLATE1,P1-C-02,PLATE1,C2,Control,2D12,D - Ler/ Ws,A,O,Ler/colo,good
30,UGT000030.D,PLATE1,P1-C-03,PLATE1,C3,Control,2D22,D - Ler/ Ws,A,O,Ler,fail
31,UGT000031.D,PLATE1,P1-C-04,PLATE1,C4,1.3.19,2C51,C - Ws/Ler,A,O,Ler/Colo,good
32,UGT000032.D,PLATE1,P1-C-05,PLATE1,C5,1.3.19,2C11,C - Ws/Ler,A,O,Ler,fail
33,UGT000033.D,PLATE1,P1-C-06,PLATE1,C6,1.3.19,2A12,A - Ws/Col,A,O,Col-0,fail
34,UGT000034.D,PLATE1,P1-C-07,PLATE1,C7,1.3.19,2A22,A - Ws/Col,A,O,,good
35,UGT000035.D,PLATE1,P1-C-08,PLATE1,C8,1.3.19,2G32,G - Ler/Col,A,O,,good
36,UGT000036.D,PLATE1,P1-C-09,PLATE1,C9,1.3.19,2B21,B - Col/ Ws,A,O,Col-0,fail
37,UGT000037.D,PLATE1,P1-C-10,PLATE1,C10,1.3.19,2C31,C - Ws/Ler,A,O,Ler/Colo,good
38,UGT000038.D,PLATE1,P1-C-11,PLATE1,C11,1.3.19,2D12,D - Ler/ Ws,A,O,Ler/Colo,good
39,UGT000039.D,PLATE1,P1-C-12,PLATE1,C12,1.3.19,2D22,D - Ler/ Ws,A,O,Ler,fail
40,UGT000040.D,PLATE1,P1-D-01,PLATE1,D1,Noble Rot,2C51,C - Ws/Ler,A,O,Ler/Colo,good
41,UGT000041.D,PLATE1,P1-D-02,PLATE1,D2,Noble Rot,2C11,C - Ws/Ler,A,O,Ler,fail
42,UGT000042.D,PLATE1,P1-D-03,PLATE1,D3,Noble Rot,2A12,A - Ws/Col,A,O,Col-0,fail
43,UGT000043.D,PLATE1,P1-D-04,PLATE1,D4,Noble Rot,2A22,A - Ws/Col,A,O,,good
44,UGT000044.D,PLATE1,P1-D-05,PLATE1,D5,Noble Rot,2G32,G - Ler/Col,A,O,,good
45,UGT000045.D,PLATE1,P1-D-06,PLATE1,D6,Noble Rot,2B21,B - Col/ Ws,A,O,Col-0,fail
46,UGT000046.D,PLATE1,P1-D-07,PLATE1,D7,Noble Rot,2C31,C - Ws/Ler,A,O,,fail
47,UGT000047.D,PLATE1,P1-D-08,PLATE1,D8,Noble Rot,2D12,D - Ler/ Ws,A,O,,? Ler/Col-0
48,UGT000048.D,PLATE1,P1-D-09,PLATE1,D9,Noble Rot,2D22,D - Ler/ Ws,A,O,Ler,fail
49,UGT000049.D,PLATE1,P1-D-10,PLATE1,D10,MEA PGG,2G51,G - Ler/Col,B,O,,good
50,UGT000050.D,PLATE1,P1-D-11,PLATE1,D11,MEA PGG,2D62,D - Ler/ Ws,B,O,Ler/Colo,good
51,UGT000051.D,PLATE1,P1-D-12,PLATE1,D12,MEA PGG,2G42,G - Ler/Col,B,O,Col-0,fail
52,UGT000052.D,PLATE1,P1-E-01,PLATE1,E1,MEA PGG,25C2,C - Ws/Ler,B,O,,fail
53,UGT000053.D,PLATE1,P1-E-02,PLATE1,E2,MEA PGG,2F62,F - Col/Ler,B,O,Col-0,fail
54,UGT000054.D,PLATE1,P1-E-03,PLATE1,E3,MEA PGG,2B62,B - Col/ Ws,B,O,Col-0,fail
55,UGT000055.D,PLATE1,P1-E-04,PLATE1,E4,MEA PGG,2C21,C - Ws/Ler,B,O,Col-0,fail
56,UGT000056.D,PLATE1,P1-E-05,PLATE1,E5,MEA PGG,2C22,C - Ws/Ler,B,O,Ler,fail
57,UGT000057.D,PLATE1,P1-E-06,PLATE1,E6,MEA PGG,2F41,F - Col/Ler,B,O,Col-0,fail
58,UGT000058.D,PLATE1,P1-E-07,PLATE1,E7,1.2.16,2G51,G - Ler/Col,B,O,,good
59,UGT000059.D,PLATE1,P1-E-08,PLATE1,E8,1.2.16,2D62,D - Ler/ Ws,B,O,Ler/Colo,good
60,UGT000060.D,PLATE1,P1-E-09,PLATE1,E9,1.2.16,2G42,G - Ler/Col,B,O,Col-0,fail
61,UGT000061.D,PLATE1,P1-E-10,PLATE1,E10,1.2.16,25C2,C - Ws/Ler,B,O,,Bad Peaks
62,UGT000062.D,PLATE1,P1-E-11,PLATE1,E11,1.2.16,2F62,F - Col/Ler,B,O,,good
63,UGT000063.D,PLATE1,P1-E-12,PLATE1,E12,1.2.16,2B62,B - Col/ Ws,B,O,,Bad Peaks
64,UGT000064.D,PLATE1,P1-F-01,PLATE1,F1,1.2.16,2C21,C - Ws/Ler,B,O,,Bad Peaks
65,UGT000065.D,PLATE1,P1-F-02,PLATE1,F2,1.2.16,2C22,C - Ws/Ler,B,O,Ler,fail
66,UGT000066.D,PLATE1,P1-F-03,PLATE1,F3,1.2.16,2F41,F - Col/Ler,B,O,,good
67,UGT000067.D,PLATE1,P1-F-04,PLATE1,F4,Noble Rot,2G51,G - Ler/Col,B,O,Col-0,fail
68,UGT000068.D,PLATE1,P1-F-05,PLATE1,F5,Noble Rot,2D62,D - Ler/ Ws,B,O,Ler/colo,good
69,UGT000069.D,PLATE1,P1-F-06,PLATE1,F6,Noble Rot,2G42,G - Ler/Col,B,O,Col-0,fail
70,UGT000070.D,PLATE1,P1-F-07,PLATE1,F7,Noble Rot,25C2,C - Ws/Ler,B,O,,Bad Peaks
71,UGT000071.D,PLATE1,P1-F-08,PLATE1,F8,Noble Rot,2F62,F - Col/Ler,B,O,,Bad Peaks
72,UGT000072.D,PLATE1,P1-F-09,PLATE1,F9,Noble Rot,2B62,B - Col/ Ws,B,O,Col-0,fail
73,UGT000073.D,PLATE1,P1-F-10,PLATE1,F10,Noble Rot,2C21,C - Ws/Ler,B,O,Ler/Colo,good
74,UGT000074.D,PLATE1,P1-F-11,PLATE1,F11,Noble Rot,2C22,C - Ws/Ler,B,O,Ler,fail
75,UGT000075.D,PLATE1,P1-F-12,PLATE1,F12,Noble Rot,2F41,F - Col/Ler,B,O,,good
76,UGT000076.D,PLATE1,P1-G-01,PLATE1,G1,Control,2G51,G - Ler/Col,B,O,Ws/Ler,Bad Peaks
77,UGT000077.D,PLATE1,P1-G-02,PLATE1,G2,Control,2D62,D - Ler/ Ws,B,O,ws/Ler,Bad Peaks
78,UGT000078.D,PLATE1,P1-G-03,PLATE1,G3,Control,2G42,G - Ler/Col,B,O,,Bad Peaks
79,UGT000079.D,PLATE1,P1-G-04,PLATE1,G4,Control,25C2,C - Ws/Ler,B,O,,Bad Peaks
80,UGT000080.D,PLATE1,P1-G-05,PLATE1,G5,Control,2F62,F - Col/Ler,B,O,,good
81,UGT000081.D,PLATE1,P1-G-06,PLATE1,G6,Control,2B62,B - Col/ Ws,B,O,,Bad Peaks
82,UGT000082.D,PLATE1,P1-G-07,PLATE1,G7,Control,2C21,C - Ws/Ler,B,O,,Bad Peaks
83,UGT000083.D,PLATE1,P1-G-08,PLATE1,G8,Control,2C22,C - Ws/Ler,B,O,Ler,fail
84,UGT000084.D,PLATE1,P1-G-09,PLATE1,G9,Control,2F41,F - Col/Ler,B,O,Col-0,Bad Peaks
85,UGT000085.D,PLATE1,P1-G-10,PLATE1,G10,1.3.19,2G51,G - Ler/Col,B,O,,good
86,UGT000086.D,PLATE1,P1-G-11,PLATE1,G11,1.3.19,2D62,D - Ler/ Ws,B,O,,Bad Peaks
87,UGT000087.D,PLATE1,P1-G-12,PLATE1,G12,1.3.19,2G42,G - Ler/Col,B,O,,Bad Peaks
88,UGT000088.D,PLATE1,P1-H-01,PLATE1,H1,1.3.19,25C2,C - Ws/Ler,B,O,Ler/Colo,Bad Peaks
89,UGT000089.D,PLATE1,P1-H-02,PLATE1,H2,1.3.19,2F62,F - Col/Ler,B,O,,good
90,UGT000090.D,PLATE1,P1-H-03,PLATE1,H3,1.3.19,2B62,B - Col/ Ws,B,O,,Bad Peaks
91,UGT000091.D,PLATE1,P1-H-04,PLATE1,H4,1.3.19,2C21,C - Ws/Ler,A,I,Col-0,fail
92,UGT000092.D,PLATE1,P1-H-05,PLATE1,H5,1.3.19,2C22,C - Ws/Ler,A,I,Ler,fail
93,UGT000093.D,PLATE1,P1-H-06,PLATE1,H6,1.3.19,2F41,F - Col/Ler,A,I,,good
94,UGT000094.D,PLATE1,P1-H-07,PLATE1,H7,Noble Rot,2B32,B - Col/ Ws,A,I,,Bad Peaks
95,UGT000095.D,PLATE1,P1-H-08,PLATE1,H8,Noble Rot,2B11,B - Col/ Ws,A,I,,Bad Peaks
96,UGT000096.D,PLATE1,P1-H-09,PLATE1,H9,Noble Rot,2G11,G - Ler/Col,A,I,,Bad Peaks
97,UGT000097.D,PLATE1,P1-H-10,PLATE1,H10,Noble Rot,2F52,F - Col/Ler,B,O,,Bad Peaks
98,UGT000098.D,PLATE1,P1-H-11,PLATE1,H11,Noble Rot,2G41,G - Ler/Col,B,O,,Bad Peaks
99,UGT000099.D,PLATE1,P1-H-12,PLATE1,H12,Noble Rot,2F22,F - Col/Ler,B,O,,Bad Peaks
100,UGT000100.D,PLATE2,P2-A-01,PLATE2,A1,Noble Rot,2A52,A - Ws/Col,A,I,Ler/Colo,fail
101,UGT000101.D,PLATE2,P2-A-02,PLATE2,A2,Noble Rot,2F21,F - Col/Ler,A,I,,Bad Peaks
102,UGT000102.D,PLATE2,P2-A-03,PLATE2,A3,Noble Rot,2G52,G - Ler/Col,A,I,,good
103,UGT000103.D,PLATE2,P2-A-04,PLATE2,A4,MEA PGG,2B32,B - Col/ Ws,A,I,Col-0,fail
104,UGT000104.D,PLATE2,P2-A-05,PLATE2,A5,MEA PGG,2B11,B - Col/ Ws,A,I,,Bad Peaks
105,UGT000105.D,PLATE2,P2-A-06,PLATE2,A6,MEA PGG,2G11,G - Ler/Col,A,I,,good
106,UGT000106.D,PLATE2,P2-A-07,PLATE2,A7,MEA PGG,2F52,F - Col/Ler,A,I,,good
107,UGT000107.D,PLATE2,P2-A-08,PLATE2,A8,MEA PGG,2G41,G - Ler/Col,A,I,,good
108,UGT000108.D,PLATE2,P2-A-09,PLATE2,A9,MEA PGG,2F22,F - Col/Ler,A,I,,good
109,UGT000109.D,PLATE2,P2-A-10,PLATE2,A10,MEA PGG,2A52,A - Ws/Col,A,I,Col-0,fail
110,UGT000110.D,PLATE2,P2-A-11,PLATE2,A11,MEA PGG,2F21,F - Col/Ler,A,I,,Bad Peaks
111,UGT000111.D,PLATE2,P2-A-12,PLATE2,A12,MEA PGG,2G52,G - Ler/Col,A,I,,good
112,UGT000112.D,PLATE2,P2-B-01,PLATE2,B1,1.2.16,2B32,B - Col/ Ws,A,I,,good/ Badpeaks
113,UGT000113.D,PLATE2,P2-B-02,PLATE2,B2,1.2.16,2B11,B - Col/ Ws,A,I,Ler/Colo,fail
114,UGT000114.D,PLATE2,P2-B-03,PLATE2,B3,1.2.16,2G11,G - Ler/Col,A,I,,good
115,UGT000115.D,PLATE2,P2-B-04,PLATE2,B4,1.2.16,2F52,F - Col/Ler,A,I,Col-0,fail
116,UGT000116.D,PLATE2,P2-B-05,PLATE2,B5,1.2.16,2G41,G - Ler/Col,A,I,,good
117,UGT000117.D,PLATE2,P2-B-06,PLATE2,B6,1.2.16,2F22,F - Col/Ler,A,I,,good
118,UGT000118.D,PLATE2,P2-B-07,PLATE2,B7,1.2.16,2A52,A - Ws/Col,A,I,,Bad Peaks
119,UGT000119.D,PLATE2,P2-B-08,PLATE2,B8,1.2.16,2F21,F - Col/Ler,A,I,Col-0,fail
120,UGT000120.D,PLATE2,P2-B-09,PLATE2,B9,1.2.16,2G52,G - Ler/Col,A,I,,good
121,UGT000121.D,PLATE2,P2-B-10,PLATE2,B10,1.3.19,2B32,B - Col/ Ws,A,I,,Bad Peaks
122,UGT000122.D,PLATE2,P2-B-11,PLATE2,B11,1.3.19,2B11,B - Col/ Ws,A,I,Col-0,fail
123,UGT000123.D,PLATE2,P2-B-12,PLATE2,B12,1.3.19,2G11,G - Ler/Col,A,I,,Bad Peaks
124,UGT000124.D,PLATE2,P2-C-01,PLATE2,C1,1.3.19,2F52,F - Col/Ler,A,I,Col-0,fail
125,UGT000125.D,PLATE2,P2-C-02,PLATE2,C2,1.3.19,2G41,G - Ler/Col,A,I,Col-0,Bad Peaks
126,UGT000126.D,PLATE2,P2-C-03,PLATE2,C3,1.3.19,2F22,F - Col/Ler,A,I,Col-0,fail
127,UGT000127.D,PLATE2,P2-C-04,PLATE2,C4,1.3.19,2A52,A - Ws/Col,A,I,Col-0,fail
128,UGT000128.D,PLATE2,P2-C-05,PLATE2,C5,1.3.19,2F21,F - Col/Ler,A,I,Col-0,fail
129,UGT000129.D,PLATE2,P2-C-06,PLATE2,C6,1.3.19,2G52,G - Ler/Col,A,I,,good
130,UGT000130.D,PLATE2,P2-C-07,PLATE2,C7,Control,2B32,B - Col/ Ws,A,I,Col-0,fail
131,UGT000131.D,PLATE2,P2-C-08,PLATE2,C8,Control,2B11,B - Col/ Ws,A,I,Ler/Colo,fail
132,UGT000132.D,PLATE2,P2-C-09,PLATE2,C9,Control,2G11,G - Ler/Col,A,I,,good
133,UGT000133.D,PLATE2,P2-C-10,PLATE2,C10,Control,2F52,F - Col/Ler,A,I,,good
134,UGT000134.D,PLATE2,P2-C-11,PLATE2,C11,Control,2G41,G - Ler/Col,A,I,,good
135,UGT000135.D,PLATE2,P2-C-12,PLATE2,C12,Control,2F22,F - Col/Ler,A,I,,good
136,UGT000136.D,PLATE2,P2-D-01,PLATE2,D1,Control,2A52,A - Ws/Col,A,I,Col-0,fail
137,UGT000137.D,PLATE2,P2-D-02,PLATE2,D2,Control,2F21,F - Col/Ler,A,I,,good
138,UGT000138.D,PLATE2,P2-D-03,PLATE2,D3,Control,2G52,G - Ler/Col,A,I,,good
139,UGT000139.D,PLATE2,P2-D-04,PLATE2,D4,1.2.16,2A61,A - Ws/Col,B,I,Ler/Colo,fail
140,UGT000140.D,PLATE2,P2-D-05,PLATE2,D5,1.2.16,2F11,F - Col/Ler,B,I,,good
141,UGT000141.D,PLATE2,P2-D-06,PLATE2,D6,1.2.16,2B52,B - Col/ Ws,B,I,Ler/Colo,fail
142,UGT000142.D,PLATE2,P2-D-07,PLATE2,D7,1.2.16,2A31,A - Ws/Col,B,I,Col-0,fail
143,UGT000143.D,PLATE2,P2-D-08,PLATE2,D8,1.2.16,2D41,D - Ler/ Ws,B,I,Col-0,fail
144,UGT000144.D,PLATE2,P2-D-09,PLATE2,D9,1.2.16,2D51,D - Ler/ Ws,B,I,Ler/Colo,fail
145,UGT000145.D,PLATE2,P2-D-10,PLATE2,D10,1.2.16,2A41,A - Ws/Col,B,I,Col-0,fail
146,UGT000146.D,PLATE2,P2-D-11,PLATE2,D11,1.2.16,2B41,B - Col/ Ws,B,I,,good
147,UGT000147.D,PLATE2,P2-D-12,PLATE2,D12,1.3.19,2A61,A - Ws/Col,B,I,Ler/Colo,fail
148,UGT000148.D,PLATE2,P2-E-01,PLATE2,E1,1.3.19,2F11,F - Col/Ler,B,I,,good
149,UGT000149.D,PLATE2,P2-E-02,PLATE2,E2,1.3.19,2B52,B - Col/ Ws,B,I,,good
150,UGT000150.D,PLATE2,P2-E-03,PLATE2,E3,1.3.19,2A31,A - Ws/Col,B,I,Ler,fail
151,UGT000151.D,PLATE2,P2-E-04,PLATE2,E4,1.3.19,2D41,D - Ler/ Ws,B,I,Ws,fail
152,UGT000152.D,PLATE2,P2-E-05,PLATE2,E5,1.3.19,2D51,D - Ler/ Ws,B,I,Ler/Colo,good
153,UGT000153.D,PLATE2,P2-E-06,PLATE2,E6,1.3.19,2A41,A - Ws/Col,B,I,Ler/colo,fail
154,UGT000154.D,PLATE2,P2-E-07,PLATE2,E7,1.3.19,2B41,B - Col/ Ws,B,I,Ler/Colo,fail
155,UGT000155.D,PLATE2,P2-E-08,PLATE2,E8,Control,2A61,A - Ws/Col,B,I,Col-0,fail
156,UGT000156.D,PLATE2,P2-E-09,PLATE2,E9,Control,2F11,F - Col/Ler,B,I,Col-0,fail
157,UGT000157.D,PLATE2,P2-E-10,PLATE2,E10,Control,2B52,B - Col/ Ws,B,I,Col-0,fail
158,UGT000158.D,PLATE2,P2-E-11,PLATE2,E11,Control,2A31,A - Ws/Col,B,I,Ler,fail
159,UGT000159.D,PLATE2,P2-E-12,PLATE2,E12,Control,2D41,D - Ler/ Ws,B,I,Ws/Colo,good
160,UGT000160.D,PLATE2,P2-F-01,PLATE2,F1,Control,2D51,D - Ler/ Ws,B,I,Ler/Colo,good
161,UGT000161.D,PLATE2,P2-F-02,PLATE2,F2,Control,2A41,A - Ws/Col,B,I,Ler/Colo,fail
162,UGT000162.D,PLATE2,P2-F-03,PLATE2,F3,Control,2B41,B - Col/ Ws,B,I,Ler/Colo,fail
163,UGT000163.D,PLATE2,P2-F-04,PLATE2,F4,MEA PGG,2A61,A - Ws/Col,B,I,Ler/Colo,fail
164,UGT000164.D,PLATE2,P2-F-05,PLATE2,F5,MEA PGG,2F11,F - Col/Ler,B,I,,good
165,UGT000165.D,PLATE2,P2-F-06,PLATE2,F6,MEA PGG,2B52,B - Col/ Ws,B,I,Ler/Colo,fail
166,UGT000166.D,PLATE2,P2-F-07,PLATE2,F7,MEA PGG,2A31,A - Ws/Col,B,I,Ler,fail
167,UGT000167.D,PLATE2,P2-F-08,PLATE2,F8,MEA PGG,2D41,D - Ler/ Ws,B,I,Ws/Colo,good
168,UGT000168.D,PLATE2,P2-F-09,PLATE2,F9,MEA PGG,2D51,D - Ler/ Ws,B,I,Ler/Colo,good
169,UGT000169.D,PLATE2,P2-F-10,PLATE2,F10,MEA PGG,2A41,A - Ws/Col,B,I,Col-0,fail
170,UGT000170.D,PLATE2,P2-F-11,PLATE2,F11,MEA PGG,2B41,B - Col/ Ws,B,I,Col-0,fail
171,UGT000171.D,PLATE2,P2-F-12,PLATE2,F12,Noble Rot,2A61,A - Ws/Col,B,I,Col-0,fail
172,UGT000172.D,PLATE2,P2-G-01,PLATE2,G1,Noble Rot,2F11,F - Col/Ler,B,I,Col-0,fail
173,UGT000173.D,PLATE2,P2-G-02,PLATE2,G2,Noble Rot,2B52,B - Col/ Ws,B,I,Ler/Colo,fail
174,UGT000174.D,PLATE2,P2-G-03,PLATE2,G3,Noble Rot,2A31,A - Ws/Col,B,I,Ler,fail
175,UGT000175.D,PLATE2,P2-G-04,PLATE2,G4,Noble Rot,2D41,D - Ler/ Ws,B,I,Ws/Colo,fail
176,UGT000176.D,PLATE2,P2-G-05,PLATE2,G5,Noble Rot,2D51,D - Ler/ Ws,B,I,Col-0,fail
177,UGT000177.D,PLATE2,P2-G-06,PLATE2,G6,Noble Rot,2A41,A - Ws/Col,B,I,Col-0,fail
178,UGT000178.D,PLATE2,P2-G-07,PLATE2,G7,Noble Rot,2B41,B - Col/ Ws,B,I,Col-0,fail
179,UGT000179.D,PLATE2,P2-G-08,PLATE2,G8,NA,NA,NA,NA,NA,NA,NA
180,UGT000180.D,PLATE2,P2-G-09,PLATE2,G9,NA,NA,NA,NA,NA,NA,NA
181,UGT000181.D,PLATE2,P2-G-10,PLATE2,G10,NA,NA,NA,NA,NA,NA,NA
182,UGT000182.D,PLATE2,P2-G-11,PLATE2,G11,NA,NA,NA,NA,NA,NA,NA
183,UGT000183.D,PLATE2,P2-G-12,PLATE2,G12,NA,NA,NA,NA,NA,NA,NA
184,UGT000184.D,PLATE2,P2-H-01,PLATE2,H1,NA,NA,NA,NA,NA,NA,NA
185,UGT000185.D,PLATE2,P2-H-02,PLATE2,H10,NA,NA,NA,NA,NA,NA,NA
186,UGT000186.D,PLATE2,P2-H-03,PLATE2,H11,NA,NA,NA,NA,NA,NA,NA
187,UGT000187.D,PLATE2,P2-H-04,PLATE2,H12,NA,NA,NA,NA,NA,NA,NA
188,UGT000188.D,PLATE2,P2-H-05,PLATE2,H2,NA,NA,NA,NA,NA,NA,NA
189,UGT000189.D,PLATE2,P2-H-06,PLATE2,H3,NA,NA,NA,NA,NA,NA,NA
190,UGT000190.D,PLATE2,P2-H-07,PLATE2,H4,NA,NA,NA,NA,NA,NA,NA
191,UGT000191.D,PLATE2,P2-H-08,PLATE2,H5,NA,NA,NA,NA,NA,NA,NA
192,UGT000192.D,PLATE2,P2-H-09,PLATE2,H6,NA,NA,NA,NA,NA,NA,NA
193,UGT000193.D,PLATE2,P2-H-10,PLATE2,H7,NA,NA,NA,NA,NA,NA,NA
194,UGT000194.D,PLATE2,P2-H-11,PLATE2,H8,NA,NA,NA,NA,NA,NA,NA
195,UGT000195.D,PLATE2,P2-H-12,PLATE2,H9,NA,NA,NA,NA,NA,NA,NA
196,UGT000196.D,PLATE3,P1-A-01,PLATE3,A1,1.3.19,3F51,F - Col/Ler,A,X,?,good
197,UGT000197.D,PLATE3,P1-A-02,PLATE3,A2,1.3.19,3B51,B - Col/ Ws,A,X,ler/col?,fail
198,UGT000198.D,PLATE3,P1-A-03,PLATE3,A3,1.3.19,3G61,G - Ler/Col,A,X,,good
199,UGT000199.D,PLATE3,P1-A-04,PLATE3,A4,1.3.19,3D21,D - Ler/ Ws,A,X,,fail
200,UGT000200.D,PLATE3,P1-A-05,PLATE3,A5,1.3.19,3D62,D - Ler/ Ws,A,X,,fail
201,UGT000201.D,PLATE3,P1-A-06,PLATE3,A6,1.3.19,3B12,B - Col/ Ws,A,X,,good
202,UGT000202.D,PLATE3,P1-A-07,PLATE3,A7,1.3.19,3C32,C - Ws/Ler,A,X,,fail
203,UGT000203.D,PLATE3,P1-A-08,PLATE3,A8,1.3.19,3F12,F - Col/Ler,A,X,,good
204,UGT000204.D,PLATE3,P1-A-09,PLATE3,A9,1.3.19,3.00E+11,D - Ler/ Ws,A,X,,fail
205,UGT000205.D,PLATE3,P1-A-10,PLATE3,A10,Noble Rot,3F51,F - Col/Ler,A,X,,good
206,UGT000206.D,PLATE3,P1-A-11,PLATE3,A11,Noble Rot,3B51,B - Col/ Ws,A,X,col,fail
207,UGT000207.D,PLATE3,P1-A-12,PLATE3,A12,Noble Rot,3G61,G - Ler/Col,A,X,,good
208,UGT000208.D,PLATE3,P1-B-01,PLATE3,B1,Noble Rot,3D21,D - Ler/ Ws,A,X,,fail
209,UGT000209.D,PLATE3,P1-B-02,PLATE3,B2,Noble Rot,3D62,D - Ler/ Ws,A,X,,fail
210,UGT000210.D,PLATE3,P1-B-03,PLATE3,B3,Noble Rot,3B12,B - Col/ Ws,A,X,ler/col?,fail
211,UGT000211.D,PLATE3,P1-B-04,PLATE3,B4,Noble Rot,3C32,C - Ws/Ler,A,X,,fail
212,UGT000212.D,PLATE3,P1-B-05,PLATE3,B5,Noble Rot,3F12,F - Col/Ler,A,X,col,fail
213,UGT000213.D,PLATE3,P1-B-06,PLATE3,B6,Noble Rot,3G11,G - Ler/Col,A,X,,good
214,UGT000214.D,PLATE3,P1-B-07,PLATE3,B7,Control,3F51,F - Col/Ler,A,X,,good
215,UGT000215.D,PLATE3,P1-B-08,PLATE3,B8,Control,3B51,B - Col/ Ws,A,X,col/ler?,fail
216,UGT000216.D,PLATE3,P1-B-09,PLATE3,B9,Control,3G61,G - Ler/Col,A,X,,good
217,UGT000217.D,PLATE3,P1-B-10,PLATE3,B10,Control,3D21,D - Ler/ Ws,A,X,,fail
218,UGT000218.D,PLATE3,P1-B-11,PLATE3,B11,Control,3D62,D - Ler/ Ws,A,X,,fail
219,UGT000219.D,PLATE3,P1-B-12,PLATE3,B12,Control,3B12,B - Col/ Ws,A,X,ler/col?,fail
220,UGT000220.D,PLATE3,P1-C-01,PLATE3,C1,Control,3C32,C - Ws/Ler,A,X,,fail
221,UGT000221.D,PLATE3,P1-C-02,PLATE3,C2,Control,3F12,F - Col/Ler,A,X,,good
222,UGT000222.D,PLATE3,P1-C-03,PLATE3,C3,Control,3G11,G - Ler/Col,A,X,,good
223,UGT000223.D,PLATE3,P1-C-04,PLATE3,C4,MEA PGG,3F51,F - Col/Ler,A,X,Maybe ws?,fail
224,UGT000224.D,PLATE3,P1-C-05,PLATE3,C5,MEA PGG,3B51,B - Col/ Ws,A,X,col,fail
225,UGT000225.D,PLATE3,P1-C-06,PLATE3,C6,MEA PGG,3G61,G - Ler/Col,A,X,,good
226,UGT000226.D,PLATE3,P1-C-07,PLATE3,C7,MEA PGG,3D21,D - Ler/ Ws,A,X,,fail
227,UGT000227.D,PLATE3,P1-C-08,PLATE3,C8,MEA PGG,3D62,D - Ler/ Ws,A,X,,fail
228,UGT000228.D,PLATE3,P1-C-09,PLATE3,C9,MEA PGG,3B12,B - Col/ Ws,A,X,col,fail
229,UGT000229.D,PLATE3,P1-C-10,PLATE3,C10,MEA PGG,3C32,C - Ws/Ler,A,X,,fail
230,UGT000230.D,PLATE3,P1-C-11,PLATE3,C11,MEA PGG,3F12,F - Col/Ler,A,X,col,fail
231,UGT000231.D,PLATE3,P1-C-12,PLATE3,C12,MEA PGG,3G11,G - Ler/Col,A,X,,good
232,UGT000232.D,PLATE3,P1-D-01,PLATE3,D1,1.2.16,3F51,F - Col/Ler,A,X,??,fail
233,UGT000233.D,PLATE3,P1-D-02,PLATE3,D2,1.2.16,3B51,B - Col/ Ws,A,X,col,fail
234,UGT000234.D,PLATE3,P1-D-03,PLATE3,D3,1.2.16,3G61,G - Ler/Col,A,X,,good
235,UGT000235.D,PLATE3,P1-D-04,PLATE3,D4,1.2.16,3D21,D - Ler/ Ws,A,X,,fail
236,UGT000236.D,PLATE3,P1-D-05,PLATE3,D5,1.2.16,3D62,D - Ler/ Ws,A,X,,fail
237,UGT000237.D,PLATE3,P1-D-06,PLATE3,D6,1.2.16,3B12,B - Col/ Ws,A,X,col,fail
238,UGT000238.D,PLATE3,P1-D-07,PLATE3,D7,1.2.16,3C32,C - Ws/Ler,A,X,,fail
239,UGT000239.D,PLATE3,P1-D-08,PLATE3,D8,1.2.16,3F12,F - Col/Ler,A,X,col,fail
240,UGT000240.D,PLATE3,P1-D-09,PLATE3,D9,1.2.16,3G11,G - Ler/Col,A,X,,good
241,UGT000241.D,PLATE3,P1-D-10,PLATE3,D10,Noble Rot,3F21,F - Col/Ler,B,X,,good
242,UGT000242.D,PLATE3,P1-D-11,PLATE3,D11,Noble Rot,3A61,A - Ws/Col,B,X,looks like ler/col,fail
243,UGT000243.D,PLATE3,P1-D-12,PLATE3,D12,Noble Rot,3D31,D - Ler/ Ws,B,X,,fail
244,UGT000244.D,PLATE3,P1-E-01,PLATE3,E1,Noble Rot,3C12,C - Ws/Ler,B,X,,fail
245,UGT000245.D,PLATE3,P1-E-02,PLATE3,E2,Noble Rot,3D12,D - Ler/ Ws,B,X,,fail
246,UGT000246.D,PLATE3,P1-E-03,PLATE3,E3,Noble Rot,3B32,B - Col/ Ws,B,X,col,fail
247,UGT000247.D,PLATE3,P1-E-04,PLATE3,E4,Noble Rot,3C21,C - Ws/Ler,B,X,,fail
248,UGT000248.D,PLATE3,P1-E-05,PLATE3,E5,Noble Rot,3A22,A - Ws/Col,B,X,,good
249,UGT000249.D,PLATE3,P1-E-06,PLATE3,E6,Noble Rot,3A11,A - Ws/Col,B,X,?,fail
250,UGT000250.D,PLATE3,P1-E-07,PLATE3,E7,1.3.19,3F21,F - Col/Ler,B,X,,good
251,UGT000251.D,PLATE3,P1-E-08,PLATE3,E8,1.3.19,3A61,A - Ws/Col,B,X,col?,fail
252,UGT000252.D,PLATE3,P1-E-09,PLATE3,E9,1.3.19,3D31,D - Ler/ Ws,B,X,,good
253,UGT000253.D,PLATE3,P1-E-10,PLATE3,E10,1.3.19,3C12,C - Ws/Ler,B,X,,fail
254,UGT000254.D,PLATE3,P1-E-11,PLATE3,E11,1.3.19,3D12,D - Ler/ Ws,B,X,,fail
255,UGT000255.D,PLATE3,P1-E-12,PLATE3,E12,1.3.19,3B32,B - Col/ Ws,B,X,col,fail
256,UGT000256.D,PLATE3,P1-F-01,PLATE3,F1,1.3.19,3C21,C - Ws/Ler,B,X,,fail
257,UGT000257.D,PLATE3,P1-F-02,PLATE3,F2,1.3.19,3A22,A - Ws/Col,B,X,,good
258,UGT000258.D,PLATE3,P1-F-03,PLATE3,F3,1.3.19,3A11,A - Ws/Col,B,X,ws?,fail
259,UGT000259.D,PLATE3,P1-F-04,PLATE3,F4,Control,3F21,F - Col/Ler,B,X,,good
260,UGT000260.D,PLATE3,P1-F-05,PLATE3,F5,Control,3A61,A - Ws/Col,B,X,is this ler/col?,fail
261,UGT000261.D,PLATE3,P1-F-06,PLATE3,F6,Control,3D31,D - Ler/ Ws,B,X,,fail
262,UGT000262.D,PLATE3,P1-F-07,PLATE3,F7,Control,3C12,C - Ws/Ler,B,X,,fail
263,UGT000263.D,PLATE3,P1-F-08,PLATE3,F8,Control,3D12,D - Ler/ Ws,B,X,,fail
264,UGT000264.D,PLATE3,P1-F-09,PLATE3,F9,Control,3B32,B - Col/ Ws,B,X,ler/col?,fail
265,UGT000265.D,PLATE3,P1-F-10,PLATE3,F10,Control,3C21,C - Ws/Ler,B,X,,fail
266,UGT000266.D,PLATE3,P1-F-11,PLATE3,F11,Control,3A22,A - Ws/Col,B,X,,good
267,UGT000267.D,PLATE3,P1-F-12,PLATE3,F12,Control,3A11,A - Ws/Col,B,X,is this ler/col?,fail
268,UGT000268.D,PLATE3,P1-G-01,PLATE3,G1,MEA PGG,3F21,F - Col/Ler,B,X,,good
269,UGT000269.D,PLATE3,P1-G-02,PLATE3,G2,MEA PGG,3A61,A - Ws/Col,B,X,col,fail
270,UGT000270.D,PLATE3,P1-G-03,PLATE3,G3,MEA PGG,3D31,D - Ler/ Ws,B,X,,fail
271,UGT000271.D,PLATE3,P1-G-04,PLATE3,G4,MEA PGG,3C12,C - Ws/Ler,B,X,,fail
272,UGT000272.D,PLATE3,P1-G-05,PLATE3,G5,MEA PGG,3D12,D - Ler/ Ws,B,X,,fail
273,UGT000273.D,PLATE3,P1-G-06,PLATE3,G6,MEA PGG,3B32,B - Col/ Ws,B,X,ler/col?,fail
274,UGT000274.D,PLATE3,P1-G-07,PLATE3,G7,MEA PGG,3C21,C - Ws/Ler,B,X,,fail
275,UGT000275.D,PLATE3,P1-G-08,PLATE3,G8,MEA PGG,3A22,A - Ws/Col,B,X,,good
276,UGT000276.D,PLATE3,P1-G-09,PLATE3,G9,MEA PGG,3A11,A - Ws/Col,B,X,?,fail
277,UGT000277.D,PLATE3,P1-G-10,PLATE3,G10,1.2.16,3F21,F - Col/Ler,B,X,col?,fail
278,UGT000278.D,PLATE3,P1-G-11,PLATE3,G11,1.2.16,3A61,A - Ws/Col,B,X,ler/col?,fail
279,UGT000279.D,PLATE3,P1-G-12,PLATE3,G12,1.2.16,3D31,D - Ler/ Ws,B,X,,fail
280,UGT000280.D,PLATE3,P1-H-01,PLATE3,H1,1.2.16,3C12,C - Ws/Ler,B,X,,fail
281,UGT000281.D,PLATE3,P1-H-02,PLATE3,H2,1.2.16,3D12,D - Ler/ Ws,B,X,,fail
282,UGT000282.D,PLATE3,P1-H-03,PLATE3,H3,1.2.16,3B32,B - Col/ Ws,B,X,col,fail
283,UGT000283.D,PLATE3,P1-H-04,PLATE3,H4,1.2.16,3C21,C - Ws/Ler,B,X,,fail
284,UGT000284.D,PLATE3,P1-H-05,PLATE3,H5,1.2.16,3A22,A - Ws/Col,B,X,,good
285,UGT000285.D,PLATE3,P1-H-06,PLATE3,H6,1.2.16,3A11,A - Ws/Col,B,X,?,fail
286,UGT000286.D,PLATE3,P1-H-07,PLATE3,H7,NA,NA,NA,NA,NA,NA,NA
287,UGT000287.D,PLATE3,P1-H-08,PLATE3,H8,NA,NA,NA,NA,NA,NA,NA
288,UGT000288.D,PLATE3,P1-H-09,PLATE3,H9,NA,NA,NA,NA,NA,NA,NA
289,UGT000289.D,PLATE3,P1-H-10,PLATE3,H10,NA,NA,NA,NA,NA,NA,NA
290,UGT000290.D,PLATE3,P1-H-11,PLATE3,H11,NA,NA,NA,NA,NA,NA,NA
291,UGT000291.D,PLATE3,P1-H-12,PLATE3,H12,NA,NA,NA,NA,NA,NA,NA
292,UGT000292.D,PLATE4,P2-A-01,PLATE4,A1,1.2.16,3D61,D - Ler/ Ws,A,Y,NA,NA
293,UGT000293.D,PLATE4,P2-A-02,PLATE4,A2,1.2.16,3F32,F - Col/Ler,A,Y,NA,NA
294,UGT000294.D,PLATE4,P2-A-03,PLATE4,A3,1.2.16,3C51,C - Ws/Ler,A,Y,NA,NA
295,UGT000295.D,PLATE4,P2-A-04,PLATE4,A4,1.2.16,3G42,G - Ler/Col,A,Y,NA,NA
296,UGT000296.D,PLATE4,P2-A-05,PLATE4,A5,1.2.16,3B41,B - Col/ Ws,A,Y,NA,NA
297,UGT000297.D,PLATE4,P2-A-06,PLATE4,A6,1.2.16,3F41,F - Col/Ler,A,Y,NA,NA
298,UGT000298.D,PLATE4,P2-A-07,PLATE4,A7,1.2.16,3F22,F - Col/Ler,A,Y,NA,NA
299,UGT000299.D,PLATE4,P2-A-08,PLATE4,A8,1.2.16,3A32,A - Ws/Col,A,Y,NA,NA
300,UGT000300.D,PLATE4,P2-A-09,PLATE4,A9,1.2.16,3B22,B - Col/ Ws,A,Y,NA,NA
301,UGT000301.D,PLATE4,P2-A-10,PLATE4,A10,Noble Rot,3D61,D - Ler/ Ws,A,Y,NA,NA
302,UGT000302.D,PLATE4,P2-A-11,PLATE4,A11,Noble Rot,3F32,F - Col/Ler,A,Y,NA,NA
303,UGT000303.D,PLATE4,P2-A-12,PLATE4,A12,Noble Rot,3C51,C - Ws/Ler,A,Y,NA,NA
304,UGT000304.D,PLATE4,P2-B-01,PLATE4,B1,Noble Rot,3G42,G - Ler/Col,A,Y,NA,NA
305,UGT000305.D,PLATE4,P2-B-02,PLATE4,B2,Noble Rot,3B41,B - Col/ Ws,A,Y,NA,NA
306,UGT000306.D,PLATE4,P2-B-03,PLATE4,B3,Noble Rot,3F41,F - Col/Ler,A,Y,NA,NA
307,UGT000307.D,PLATE4,P2-B-04,PLATE4,B4,Noble Rot,3F22,F - Col/Ler,A,Y,NA,NA
308,UGT000308.D,PLATE4,P2-B-05,PLATE4,B5,Noble Rot,3A32,A - Ws/Col,A,Y,NA,NA
309,UGT000309.D,PLATE4,P2-B-06,PLATE4,B6,Noble Rot,3B22,B - Col/ Ws,A,Y,NA,NA
310,UGT000310.D,PLATE4,P2-B-07,PLATE4,B7,1.3.19,3D61,D - Ler/ Ws,A,Y,NA,NA
311,UGT000311.D,PLATE4,P2-B-08,PLATE4,B8,1.3.19,3F32,F - Col/Ler,A,Y,NA,NA
312,UGT000312.D,PLATE4,P2-B-09,PLATE4,B9,1.3.19,3C51,C - Ws/Ler,A,Y,NA,NA
313,UGT000313.D,PLATE4,P2-B-10,PLATE4,B10,1.3.19,3G42,G - Ler/Col,A,Y,NA,NA
314,UGT000314.D,PLATE4,P2-B-11,PLATE4,B11,1.3.19,3B41,B - Col/ Ws,A,Y,NA,NA
315,UGT000315.D,PLATE4,P2-B-12,PLATE4,B12,1.3.19,3F41,F - Col/Ler,A,Y,NA,NA
316,UGT000316.D,PLATE4,P2-C-01,PLATE4,C1,1.3.19,3F22,F - Col/Ler,A,Y,NA,NA
317,UGT000317.D,PLATE4,P2-C-02,PLATE4,C2,1.3.19,3A32,A - Ws/Col,A,Y,NA,NA
318,UGT000318.D,PLATE4,P2-C-03,PLATE4,C3,1.3.19,3B22,B - Col/ Ws,A,Y,NA,NA
319,UGT000319.D,PLATE4,P2-C-04,PLATE4,C4,Control,3D61,D - Ler/ Ws,A,Y,NA,NA
320,UGT000320.D,PLATE4,P2-C-05,PLATE4,C5,Control,3F32,F - Col/Ler,A,Y,NA,NA
321,UGT000321.D,PLATE4,P2-C-06,PLATE4,C6,Control,3C51,C - Ws/Ler,A,Y,NA,NA
322,UGT000322.D,PLATE4,P2-C-07,PLATE4,C7,Control,3G42,G - Ler/Col,A,Y,NA,NA
323,UGT000323.D,PLATE4,P2-C-08,PLATE4,C8,Control,3B41,B - Col/ Ws,A,Y,NA,NA
324,UGT000324.D,PLATE4,P2-C-09,PLATE4,C9,Control,3F41,F - Col/Ler,A,Y,NA,NA
325,UGT000325.D,PLATE4,P2-C-10,PLATE4,C10,Control,3F22,F - Col/Ler,A,Y,NA,NA
326,UGT000326.D,PLATE4,P2-C-11,PLATE4,C11,Control,3A32,A - Ws/Col,A,Y,NA,NA
327,UGT000327.D,PLATE4,P2-C-12,PLATE4,C12,Control,3B22,B - Col/ Ws,A,Y,NA,NA
328,UGT000328.D,PLATE4,P2-D-01,PLATE4,D1,MEA PGG,3D61,D - Ler/ Ws,A,Y,NA,NA
329,UGT000329.D,PLATE4,P2-D-02,PLATE4,D2,MEA PGG,3F32,F - Col/Ler,A,Y,NA,NA
330,UGT000330.D,PLATE4,P2-D-03,PLATE4,D3,MEA PGG,3C51,C - Ws/Ler,A,Y,NA,NA
331,UGT000331.D,PLATE4,P2-D-04,PLATE4,D4,MEA PGG,3G42,G - Ler/Col,A,Y,NA,NA
332,UGT000332.D,PLATE4,P2-D-05,PLATE4,D5,MEA PGG,3B41,B - Col/ Ws,A,Y,NA,NA
333,UGT000333.D,PLATE4,P2-D-06,PLATE4,D6,MEA PGG,3F41,F - Col/Ler,A,Y,NA,NA
334,UGT000334.D,PLATE4,P2-D-07,PLATE4,D7,MEA PGG,3F22,F - Col/Ler,A,Y,NA,NA
335,UGT000335.D,PLATE4,P2-D-08,PLATE4,D8,MEA PGG,3A32,A - Ws/Col,A,Y,NA,NA
336,UGT000336.D,PLATE4,P2-D-09,PLATE4,D9,MEA PGG,3B22,B - Col/ Ws,A,Y,NA,NA
337,UGT000337.D,PLATE4,P2-D-10,PLATE4,D10,Noble Rot,3B21,B - Col/ Ws,B,Y,ws?,fail
338,UGT000338.D,PLATE4,P2-D-11,PLATE4,D11,Noble Rot,3C42,C - Ws/Ler,B,Y,,fail
339,UGT000339.D,PLATE4,P2-D-12,PLATE4,D12,Noble Rot,3A51,A - Ws/Col,B,Y,?,fail
340,UGT000340.D,PLATE4,P2-E-01,PLATE4,E1,Noble Rot,3G21,G - Ler/Col,B,Y,,good
341,UGT000341.D,PLATE4,P2-E-02,PLATE4,E2,Noble Rot,3D42,D - Ler/ Ws,B,Y,,fail
342,UGT000342.D,PLATE4,P2-E-03,PLATE4,E3,Noble Rot,3G62,G - Ler/Col,B,Y,,good
343,UGT000343.D,PLATE4,P2-E-04,PLATE4,E4,Noble Rot,3C61,C - Ws/Ler,B,Y,,fail
344,UGT000344.D,PLATE4,P2-E-05,PLATE4,E5,Noble Rot,3A42,A - Ws/Col,B,Y,,good
345,UGT000345.D,PLATE4,P2-E-06,PLATE4,E6,Noble Rot,3G52,G - Ler/Col,B,Y,,good
346,UGT000346.D,PLATE4,P2-E-07,PLATE4,E7,MEA PGG,3B21,B - Col/ Ws,B,Y,ws?,fail
347,UGT000347.D,PLATE4,P2-E-08,PLATE4,E8,MEA PGG,3C42,C - Ws/Ler,B,Y,,fail
348,UGT000348.D,PLATE4,P2-E-09,PLATE4,E9,MEA PGG,3A51,A - Ws/Col,B,Y,col,fail
349,UGT000349.D,PLATE4,P2-E-10,PLATE4,E10,MEA PGG,3G21,G - Ler/Col,B,Y,,good
350,UGT000350.D,PLATE4,P2-E-11,PLATE4,E11,MEA PGG,3D42,D - Ler/ Ws,B,Y,,fail
351,UGT000351.D,PLATE4,P2-E-12,PLATE4,E12,MEA PGG,3G62,G - Ler/Col,B,Y,,good
352,UGT000352.D,PLATE4,P2-F-01,PLATE4,F1,MEA PGG,3C61,C - Ws/Ler,B,Y,,fail
353,UGT000353.D,PLATE4,P2-F-02,PLATE4,F2,MEA PGG,3A42,A - Ws/Col,B,Y,no data,fail
354,UGT000354.D,PLATE4,P2-F-03,PLATE4,F3,MEA PGG,3G52,G - Ler/Col,B,Y,,good
355,UGT000355.D,PLATE4,P2-F-04,PLATE4,F4,Control,3B21,B - Col/ Ws,B,Y,col?,fail
356,UGT000356.D,PLATE4,P2-F-05,PLATE4,F5,Control,3C42,C - Ws/Ler,B,Y,,fail
357,UGT000357.D,PLATE4,P2-F-06,PLATE4,F6,Control,3A51,A - Ws/Col,B,Y,ler/col?,fail
358,UGT000358.D,PLATE4,P2-F-07,PLATE4,F7,Control,3G21,G - Ler/Col,B,Y,,good
359,UGT000359.D,PLATE4,P2-F-08,PLATE4,F8,Control,3D42,D - Ler/ Ws,B,Y,,fail
360,UGT000360.D,PLATE4,P2-F-09,PLATE4,F9,Control,3G62,G - Ler/Col,B,Y,,
361,UGT000361.D,PLATE4,P2-F-10,PLATE4,F10,Control,3C61,C - Ws/Ler,B,Y,,fail
362,UGT000362.D,PLATE4,P2-F-11,PLATE4,F11,Control,3A42,A - Ws/Col,B,Y,,good
363,UGT000363.D,PLATE4,P2-F-12,PLATE4,F12,Control,3G52,G - Ler/Col,B,Y,,good
364,UGT000364.D,PLATE4,P2-G-01,PLATE4,G1,1.3.19,3B21,B - Col/ Ws,B,Y,ws?,fail
365,UGT000365.D,PLATE4,P2-G-02,PLATE4,G2,1.3.19,3C42,C - Ws/Ler,B,Y,,fail
366,UGT000366.D,PLATE4,P2-G-03,PLATE4,G3,1.3.19,3A51,A - Ws/Col,B,Y,col?,fail
367,UGT000367.D,PLATE4,P2-G-04,PLATE4,G4,1.3.19,3G21,G - Ler/Col,B,Y,,good
368,UGT000368.D,PLATE4,P2-G-05,PLATE4,G5,1.3.19,3D42,D - Ler/ Ws,B,Y,,fail
369,UGT000369.D,PLATE4,P2-G-06,PLATE4,G6,1.3.19,3G62,G - Ler/Col,B,Y,,good
370,UGT000370.D,PLATE4,P2-G-07,PLATE4,G7,1.3.19,3C61,C - Ws/Ler,B,Y,,fail
371,UGT000371.D,PLATE4,P2-G-08,PLATE4,G8,1.3.19,3A42,A - Ws/Col,B,Y,,good
372,UGT000372.D,PLATE4,P2-G-09,PLATE4,G9,1.3.19,3G52,G - Ler/Col,B,Y,,good
373,UGT000373.D,PLATE4,P2-G-10,PLATE4,G10,1.2.16,3B21,B - Col/ Ws,B,Y,ws?,fail
374,UGT000374.D,PLATE4,P2-G-11,PLATE4,G11,1.2.16,3C42,C - Ws/Ler,B,Y,,fail
375,UGT000375.D,PLATE4,P2-G-12,PLATE4,G12,1.2.16,3A51,A - Ws/Col,B,Y,ws?,fail
376,UGT000376.D,PLATE4,P2-H-01,PLATE4,H1,1.2.16,3G21,G - Ler/Col,B,Y,,good
377,UGT000377.D,PLATE4,P2-H-02,PLATE4,H2,1.2.16,3D42,D - Ler/ Ws,B,Y,,fail
378,UGT000378.D,PLATE4,P2-H-03,PLATE4,H3,1.2.16,3G62,G - Ler/Col,B,Y,,fail
379,UGT000379.D,PLATE4,P2-H-04,PLATE4,H4,1.2.16,3C61,C - Ws/Ler,B,Y,,fail
380,UGT000380.D,PLATE4,P2-H-05,PLATE4,H5,1.2.16,3A42,A - Ws/Col,B,Y,,good
381,UGT000381.D,PLATE4,P2-H-06,PLATE4,H6,1.2.16,3G52,G - Ler/Col,B,Y,,fail
382,UGT000382.D,PLATE4,P2-H-07,PLATE4,H7,NA,NA,NA,NA,NA,NA,NA
383,UGT000383.D,PLATE4,P2-H-08,PLATE4,H8,NA,NA,NA,NA,NA,NA,NA
384,UGT000384.D,PLATE4,P2-H-09,PLATE4,H9,NA,NA,NA,NA,NA,NA,NA
385,UGT000385.D,PLATE4,P2-H-10,PLATE4,H10,NA,NA,NA,NA,NA,NA,NA
386,UGT000386.D,PLATE4,P2-H-11,PLATE4,H11,NA,NA,NA,NA,NA,NA,NA
387,UGT000387.D,PLATE4,P2-H-12,PLATE4,H12,NA,NA,NA,NA,NA,NA,NA
