Date,Tray,SeedID,Geno_Cross,Total_Area(cm)
13016,3,2D31,D - Ler/ Ws,0
13016,3,2D61,D - Ler/ Ws,0
13016,3,2C31,C - Ws/Ler,0.353
13016,3,2A51,A - Ws/Col,0
13016,3,2A41,A - Ws/Col,0.39
13016,3,2A61,A - Ws/Col,0.392
13016,3,2G31,G - Ler/Col,0.328
13016,3,2F41,F - Col/Ler,0.134
13016,3,2B31,B - Col/ Ws,0
13016,3,2C11,C - Ws/Ler,0
13016,3,2F11,F - Col/Ler,0
13016,3,2F51,F - Col/Ler,0.195
13016,3,2D21,D - Ler/ Ws,0
13016,3,2C41,C - Ws/Ler,0.364
13016,3,2D11,D - Ler/ Ws,0
13016,3,2B61,B - Col/ Ws,0
13016,3,2G11,G - Ler/Col,0.335
13016,3,2A31,A - Ws/Col,0.404
13016,3,2F61,F - Col/Ler,0.314
13016,3,2B21,B - Col/ Ws,0.248
13016,3,2D41,D - Ler/ Ws,0
13016,3,2D51,D - Ler/ Ws,0.113
13016,3,2A21,A - Ws/Col,0
13016,3,2G51,G - Ler/Col,0.38
13016,3,2B41,B - Col/ Ws,0.254
13016,3,2F21,F - Col/Ler,0.379
13016,3,2G41,G - Ler/Col,0.281
13016,3,2B11,B - Col/ Ws,0.425
13016,3,2F31,F - Col/Ler,0.36
13016,3,2C21,C - Ws/Ler,0
13016,3,2G21,G - Ler/Col,0.423
13016,3,2C61,C - Ws/Ler,0.347
13016,3,2A11,A - Ws/Col,0
13016,3,2B51,B - Col/ Ws,0.367
13016,3,2C51,C - Ws/Ler,0.483
13016,3,2G61,G - Ler/Col,0.39
13116,3,2D31,D - Ler/ Ws,0
13116,3,2D61,D - Ler/ Ws,0
13116,3,2C31,C - Ws/Ler,0.383
13116,3,2A51,A - Ws/Col,0
13116,3,2A41,A - Ws/Col,0.429
13116,3,2A61,A - Ws/Col,0.408
13116,3,2G31,G - Ler/Col,0.356
13116,3,2F41,F - Col/Ler,0.153
13116,3,2B31,B - Col/ Ws,0
13116,3,2C11,C - Ws/Ler,0.089
13116,3,2F11,F - Col/Ler,0
13116,3,2F51,F - Col/Ler,0.244
13116,3,2D21,D - Ler/ Ws,0
13116,3,2C41,C - Ws/Ler,0.406
13116,3,2D11,D - Ler/ Ws,0
13116,3,2B61,B - Col/ Ws,0
13116,3,2G11,G - Ler/Col,0.355
13116,3,2A31,A - Ws/Col,0.426
13116,3,2F61,F - Col/Ler,0.347
13116,3,2B21,B - Col/ Ws,0.286
13116,3,2D41,D - Ler/ Ws,0.056
13116,3,2D51,D - Ler/ Ws,0.111
13116,3,2A21,A - Ws/Col,0
13116,3,2G51,G - Ler/Col,0.454
13116,3,2B41,B - Col/ Ws,0.294
13116,3,2F21,F - Col/Ler,0.435
13116,3,2G41,G - Ler/Col,0.384
13116,3,2B11,B - Col/ Ws,0.551
13116,3,2F31,F - Col/Ler,0.422
13116,3,2C21,C - Ws/Ler,0.79
13116,3,2G21,G - Ler/Col,0
13116,3,2C61,C - Ws/Ler,0.579
13116,3,2A11,A - Ws/Col,0
13116,3,2B51,B - Col/ Ws,0.384
13116,3,2C51,C - Ws/Ler,0.516
13116,3,2G61,G - Ler/Col,0.522
20116,3,2D31,D - Ler/ Ws,0
20116,3,2D61,D - Ler/ Ws,0
20116,3,2C31,C - Ws/Ler,0.514
20116,3,2A51,A - Ws/Col,0
20116,3,2A41,A - Ws/Col,0.545
20116,3,2A61,A - Ws/Col,0.561
20116,3,2G31,G - Ler/Col,0.511
20116,3,2F41,F - Col/Ler,0.232
20116,3,2B31,B - Col/ Ws,0
20116,3,2C11,C - Ws/Ler,0.089
20116,3,2F11,F - Col/Ler,0
20116,3,2F51,F - Col/Ler,0.382
20116,3,2D21,D - Ler/ Ws,0
20116,3,2C41,C - Ws/Ler,0.609
20116,3,2D11,D - Ler/ Ws,0
20116,3,2B61,B - Col/ Ws,0
20116,3,2G11,G - Ler/Col,0.526
20116,3,2A31,A - Ws/Col,0.637
20116,3,2F61,F - Col/Ler,0.53
20116,3,2B21,B - Col/ Ws,0.461
20116,3,2D41,D - Ler/ Ws,0
20116,3,2D51,D - Ler/ Ws,0.165
20116,3,2A21,A - Ws/Col,0
20116,3,2G51,G - Ler/Col,0.665
20116,3,2B41,B - Col/ Ws,0.415
20116,3,2F21,F - Col/Ler,0.606
20116,3,2G41,G - Ler/Col,0.683
20116,3,2B11,B - Col/ Ws,0.412
20116,3,2F31,F - Col/Ler,0.54
20116,3,2C21,C - Ws/Ler,0.62
20116,3,2G21,G - Ler/Col,0
20116,3,2C61,C - Ws/Ler,0.691
20116,3,2A11,A - Ws/Col,0
20116,3,2B51,B - Col/ Ws,0.515
20116,3,2C51,C - Ws/Ler,0.457
20116,3,2G61,G - Ler/Col,0.625
20216,3,2D31,D - Ler/ Ws,0
20216,3,2D61,D - Ler/ Ws,0
20216,3,2C31,C - Ws/Ler,0.657
20216,3,2A51,A - Ws/Col,0
20216,3,2A41,A - Ws/Col,0.728
20216,3,2A61,A - Ws/Col,0.729
20216,3,2G31,G - Ler/Col,0.654
20216,3,2F41,F - Col/Ler,0.297
20216,3,2B31,B - Col/ Ws,0
20216,3,2C11,C - Ws/Ler,0.154
20216,3,2F11,F - Col/Ler,0
20216,3,2F51,F - Col/Ler,0.48
20216,3,2D21,D - Ler/ Ws,0
20216,3,2C41,C - Ws/Ler,0.765
20216,3,2D11,D - Ler/ Ws,0
20216,3,2B61,B - Col/ Ws,0
20216,3,2G11,G - Ler/Col,0.717
20216,3,2A31,A - Ws/Col,0.821
20216,3,2F61,F - Col/Ler,0.638
20216,3,2B21,B - Col/ Ws,0.575
20216,3,2D41,D - Ler/ Ws,0.111
20216,3,2D51,D - Ler/ Ws,0.192
20216,3,2A21,A - Ws/Col,0
20216,3,2G51,G - Ler/Col,0.729
20216,3,2B41,B - Col/ Ws,0.558
20216,3,2F21,F - Col/Ler,0.763
20216,3,2G41,G - Ler/Col,0.71
20216,3,2B11,B - Col/ Ws,0.513
20216,3,2F31,F - Col/Ler,0.74
20216,3,2C21,C - Ws/Ler,0.988
20216,3,2G21,G - Ler/Col,0
20216,3,2C61,C - Ws/Ler,0.962
20216,3,2A11,A - Ws/Col,0
20216,3,2B51,B - Col/ Ws,0.656
20216,3,2C51,C - Ws/Ler,0.682
20216,3,2G61,G - Ler/Col,0.838
20416,3,2D31,D - Ler/ Ws,0
20416,3,2D61,D - Ler/ Ws,0
20416,3,2C31,C - Ws/Ler,1.079
20416,3,2A51,A - Ws/Col,0
20416,3,2A41,A - Ws/Col,1.273
20416,3,2A61,A - Ws/Col,1.19
20416,3,2G31,G - Ler/Col,0.984
20416,3,2F41,F - Col/Ler,0.51
20416,3,2B31,B - Col/ Ws,0.08
20416,3,2C11,C - Ws/Ler,0.345
20416,3,2F11,F - Col/Ler,0
20416,3,2F51,F - Col/Ler,0.837
20416,3,2D21,D - Ler/ Ws,0
20416,3,2C41,C - Ws/Ler,1.398
20416,3,2D11,D - Ler/ Ws,0
20416,3,2B61,B - Col/ Ws,0
20416,3,2G11,G - Ler/Col,1.078
20416,3,2A31,A - Ws/Col,1.368
20416,3,2F61,F - Col/Ler,0.976
20416,3,2B21,B - Col/ Ws,1.022
20416,3,2D41,D - Ler/ Ws,0.197
20416,3,2D51,D - Ler/ Ws,0.283
20416,3,2A21,A - Ws/Col,0
20416,3,2G51,G - Ler/Col,1.158
20416,3,2B41,B - Col/ Ws,0.774
20416,3,2F21,F - Col/Ler,1.216
20416,3,2G41,G - Ler/Col,1.161
20416,3,2B11,B - Col/ Ws,1.235
20416,3,2F31,F - Col/Ler,0.878
20416,3,2C21,C - Ws/Ler,1.139
20416,3,2G21,G - Ler/Col,0
20416,3,2C61,C - Ws/Ler,1.501
20416,3,2A11,A - Ws/Col,0
20416,3,2B51,B - Col/ Ws,0.734
20416,3,2C51,C - Ws/Ler,1.088
20416,3,2G61,G - Ler/Col,1.11
20616,3,2D31,D - Ler/ Ws,0
20616,3,2D61,D - Ler/ Ws,0
20616,3,2C31,C - Ws/Ler,1.906
20616,3,2A51,A - Ws/Col,0
20616,3,2A41,A - Ws/Col,2.397
20616,3,2A61,A - Ws/Col,2.015
20616,3,2G31,G - Ler/Col,1.751
20616,3,2F41,F - Col/Ler,0.883
20616,3,2B31,B - Col/ Ws,0.209
20616,3,2C11,C - Ws/Ler,0.624
20616,3,2F11,F - Col/Ler,0
20616,3,2F51,F - Col/Ler,1.521
20616,3,2D21,D - Ler/ Ws,0
20616,3,2C41,C - Ws/Ler,2.343
20616,3,2D11,D - Ler/ Ws,0
20616,3,2B61,B - Col/ Ws,0
20616,3,2G11,G - Ler/Col,1.989
20616,3,2A31,A - Ws/Col,2.258
20616,3,2F61,F - Col/Ler,1.89
20616,3,2B21,B - Col/ Ws,1.892
20616,3,2D41,D - Ler/ Ws,0.296
20616,3,2D51,D - Ler/ Ws,0.589
20616,3,2A21,A - Ws/Col,0
20616,3,2G51,G - Ler/Col,2.153
20616,3,2B41,B - Col/ Ws,1.5
20616,3,2F21,F - Col/Ler,2.05
20616,3,2G41,G - Ler/Col,2.142
20616,3,2B11,B - Col/ Ws,2.251
20616,3,2F31,F - Col/Ler,1.624
20616,3,2C21,C - Ws/Ler,3.304
20616,3,2G21,G - Ler/Col,0
20616,3,2C61,C - Ws/Ler,2.266
20616,3,2A11,A - Ws/Col,0
20616,3,2B51,B - Col/ Ws,1.727
20616,3,2C51,C - Ws/Ler,2.248
20616,3,2G61,G - Ler/Col,1.943
20816,3,2D31,D - Ler/ Ws,0
20816,3,2D61,D - Ler/ Ws,0
20816,3,2C31,C - Ws/Ler,1.538
20816,3,2A51,A - Ws/Col,0
20816,3,2A41,A - Ws/Col,2.119
20816,3,2A61,A - Ws/Col,2.29
20816,3,2G31,G - Ler/Col,1.91
20816,3,2F41,F - Col/Ler,0.966
20816,3,2B31,B - Col/ Ws,0.202
20816,3,2C11,C - Ws/Ler,0.59
20816,3,2F11,F - Col/Ler,1.679
20816,3,2F51,F - Col/Ler,1.544
20816,3,2D21,D - Ler/ Ws,0
20816,3,2C41,C - Ws/Ler,2.628
20816,3,2D11,D - Ler/ Ws,0
20816,3,2B61,B - Col/ Ws,0
20816,3,2G11,G - Ler/Col,2.209
20816,3,2A31,A - Ws/Col,2.54
20816,3,2F61,F - Col/Ler,1.986
20816,3,2B21,B - Col/ Ws,1.811
20816,3,2D41,D - Ler/ Ws,0.447
20816,3,2D51,D - Ler/ Ws,0.615
20816,3,2A21,A - Ws/Col,0
20816,3,2G51,G - Ler/Col,2.36
20816,3,2B41,B - Col/ Ws,1.846
20816,3,2F21,F - Col/Ler,2.253
20816,3,2G41,G - Ler/Col,1.985
20816,3,2B11,B - Col/ Ws,2.263
20816,3,2F31,F - Col/Ler,2.128
20816,3,2C21,C - Ws/Ler,2.371
20816,3,2G21,G - Ler/Col,0
20816,3,2C61,C - Ws/Ler,2.492
20816,3,2A11,A - Ws/Col,0
20816,3,2B51,B - Col/ Ws,1.903
20816,3,2C51,C - Ws/Ler,1.551
20816,3,2G61,G - Ler/Col,2.276
21016,3,2D31,D - Ler/ Ws,0
21016,3,2D61,D - Ler/ Ws,0
21016,3,2C31,C - Ws/Ler,2.974
21016,3,2A51,A - Ws/Col,0
21016,3,2A41,A - Ws/Col,3.292
21016,3,2A61,A - Ws/Col,3.744
21016,3,2G31,G - Ler/Col,3.249
21016,3,2F41,F - Col/Ler,1.752
21016,3,2B31,B - Col/ Ws,0.316
21016,3,2C11,C - Ws/Ler,0.845
21016,3,2F11,F - Col/Ler,1.718
21016,3,2F51,F - Col/Ler,2.561
21016,3,2D21,D - Ler/ Ws,0
21016,3,2C41,C - Ws/Ler,4.05
21016,3,2D11,D - Ler/ Ws,0
21016,3,2B61,B - Col/ Ws,0
21016,3,2G11,G - Ler/Col,3.749
21016,3,2A31,A - Ws/Col,4.05
21016,3,2F61,F - Col/Ler,3.18
21016,3,2B21,B - Col/ Ws,2.946
21016,3,2D41,D - Ler/ Ws,0.755
21016,3,2D51,D - Ler/ Ws,0.942
21016,3,2A21,A - Ws/Col,0
21016,3,2G51,G - Ler/Col,3.748
21016,3,2B41,B - Col/ Ws,3.018
21016,3,2F21,F - Col/Ler,3.556
21016,3,2G41,G - Ler/Col,3.19
21016,3,2B11,B - Col/ Ws,3.73
21016,3,2F31,F - Col/Ler,3.538
21016,3,2C21,C - Ws/Ler,3.733
21016,3,2G21,G - Ler/Col,0
21016,3,2C61,C - Ws/Ler,4.594
21016,3,2A11,A - Ws/Col,0
21016,3,2B51,B - Col/ Ws,3.29
21016,3,2C51,C - Ws/Ler,3.113
21016,3,2G61,G - Ler/Col,3.932
21216,3,2D31,D - Ler/ Ws,0
21216,3,2D61,D - Ler/ Ws,0
21216,3,2C31,C - Ws/Ler,4.014
21216,3,2A51,A - Ws/Col,0
21216,3,2A41,A - Ws/Col,3.529
21216,3,2A61,A - Ws/Col,4.377
21216,3,2G31,G - Ler/Col,4.019
21216,3,2F41,F - Col/Ler,2.102
21216,3,2B31,B - Col/ Ws,0.445
21216,3,2C11,C - Ws/Ler,1.308
21216,3,2F11,F - Col/Ler,1.598
21216,3,2F51,F - Col/Ler,3.146
21216,3,2D21,D - Ler/ Ws,0
21216,3,2C41,C - Ws/Ler,5.288
21216,3,2D11,D - Ler/ Ws,0
21216,3,2B61,B - Col/ Ws,0
21216,3,2G11,G - Ler/Col,4.782
21216,3,2A31,A - Ws/Col,5.074
21216,3,2F61,F - Col/Ler,4.008
21216,3,2B21,B - Col/ Ws,3.797
21216,3,2D41,D - Ler/ Ws,1.029
21216,3,2D51,D - Ler/ Ws,1.276
21216,3,2A21,A - Ws/Col,0
21216,3,2G51,G - Ler/Col,4.494
21216,3,2B41,B - Col/ Ws,3.799
21216,3,2F21,F - Col/Ler,4.356
21216,3,2G41,G - Ler/Col,3.997
21216,3,2B11,B - Col/ Ws,4.623
21216,3,2F31,F - Col/Ler,4.68
21216,3,2C21,C - Ws/Ler,4.874
21216,3,2G21,G - Ler/Col,0
21216,3,2C61,C - Ws/Ler,5.744
21216,3,2A11,A - Ws/Col,0
21216,3,2B51,B - Col/ Ws,4.437
21216,3,2C51,C - Ws/Ler,4.113
21216,3,2G61,G - Ler/Col,4.818
21416,3,2D31,D - Ler/ Ws,0
21416,3,2D61,D - Ler/ Ws,0
21416,3,2C31,C - Ws/Ler,6.458
21416,3,2A51,A - Ws/Col,0
21416,3,2A41,A - Ws/Col,4.166
21416,3,2A61,A - Ws/Col,6.255
21416,3,2G31,G - Ler/Col,5.386
21416,3,2F41,F - Col/Ler,2.672
21416,3,2B31,B - Col/ Ws,0.755
21416,3,2C11,C - Ws/Ler,2.11
21416,3,2F11,F - Col/Ler,2.309
21416,3,2F51,F - Col/Ler,4.625
21416,3,2D21,D - Ler/ Ws,0
21416,3,2C41,C - Ws/Ler,7.411
21416,3,2D11,D - Ler/ Ws,0
21416,3,2B61,B - Col/ Ws,0
21416,3,2G11,G - Ler/Col,6.279
21416,3,2A31,A - Ws/Col,7.08
21416,3,2F61,F - Col/Ler,5.46
21416,3,2B21,B - Col/ Ws,6.318
21416,3,2D41,D - Ler/ Ws,1.724
21416,3,2D51,D - Ler/ Ws,2.004
21416,3,2A21,A - Ws/Col,0
21416,3,2G51,G - Ler/Col,6.719
21416,3,2B41,B - Col/ Ws,5.975
21416,3,2F21,F - Col/Ler,6.776
21416,3,2G41,G - Ler/Col,6.159
21416,3,2B11,B - Col/ Ws,7.176
21416,3,2F31,F - Col/Ler,6.674
21416,3,2C21,C - Ws/Ler,7.405
21416,3,2G21,G - Ler/Col,0
21416,3,2C61,C - Ws/Ler,8.448
21416,3,2A11,A - Ws/Col,0
21416,3,2B51,B - Col/ Ws,6.469
21416,3,2C51,C - Ws/Ler,6.095
21416,3,2G61,G - Ler/Col,6.845
21616,3,2D31,D - Ler/ Ws,0
21616,3,2D61,D - Ler/ Ws,0
21616,3,2C31,C - Ws/Ler,8.56
21616,3,2A51,A - Ws/Col,0
21616,3,2A41,A - Ws/Col,4.95
21616,3,2A61,A - Ws/Col,9.345
21616,3,2G31,G - Ler/Col,8.384
21616,3,2F41,F - Col/Ler,4.322
21616,3,2B31,B - Col/ Ws,1.008
21616,3,2C11,C - Ws/Ler,3.096
21616,3,2F11,F - Col/Ler,3.886
21616,3,2F51,F - Col/Ler,6.719
21616,3,2D21,D - Ler/ Ws,0
21616,3,2C41,C - Ws/Ler,10.541
21616,3,2D11,D - Ler/ Ws,0
21616,3,2B61,B - Col/ Ws,0
21616,3,2G11,G - Ler/Col,8.725
21616,3,2A31,A - Ws/Col,10.763
21616,3,2F61,F - Col/Ler,8.149
21616,3,2B21,B - Col/ Ws,8.02
21616,3,2D41,D - Ler/ Ws,2.399
21616,3,2D51,D - Ler/ Ws,2.705
21616,3,2A21,A - Ws/Col,0
21616,3,2G51,G - Ler/Col,9.302
21616,3,2B41,B - Col/ Ws,7.649
21616,3,2F21,F - Col/Ler,9.089
21616,3,2G41,G - Ler/Col,8.016
21616,3,2B11,B - Col/ Ws,8.584
21616,3,2F31,F - Col/Ler,8.487
21616,3,2C21,C - Ws/Ler,10.248
21616,3,2G21,G - Ler/Col,0
21616,3,2C61,C - Ws/Ler,11.634
21616,3,2A11,A - Ws/Col,0
21616,3,2B51,B - Col/ Ws,7.733
21616,3,2C51,C - Ws/Ler,7.673
21616,3,2G61,G - Ler/Col,9.364
21816,3,2D31,D - Ler/ Ws,0
21816,3,2D61,D - Ler/ Ws,0
21816,3,2C31,C - Ws/Ler,12.099
21816,3,2A51,A - Ws/Col,0
21816,3,2A41,A - Ws/Col,6.335
21816,3,2A61,A - Ws/Col,12.733
21816,3,2G31,G - Ler/Col,12.092
21816,3,2F41,F - Col/Ler,5.813
21816,3,2B31,B - Col/ Ws,1.069
21816,3,2C11,C - Ws/Ler,4.451
21816,3,2F11,F - Col/Ler,5.292
21816,3,2F51,F - Col/Ler,9.743
21816,3,2D21,D - Ler/ Ws,0
21816,3,2C41,C - Ws/Ler,14.778
21816,3,2D11,D - Ler/ Ws,0
21816,3,2B61,B - Col/ Ws,0
21816,3,2G11,G - Ler/Col,12.32
21816,3,2A31,A - Ws/Col,13.878
21816,3,2F61,F - Col/Ler,11.127
21816,3,2B21,B - Col/ Ws,11.59
21816,3,2D41,D - Ler/ Ws,2.905
21816,3,2D51,D - Ler/ Ws,3.517
21816,3,2A21,A - Ws/Col,0
21816,3,2G51,G - Ler/Col,12.843
21816,3,2B41,B - Col/ Ws,10.14
21816,3,2F21,F - Col/Ler,11.967
21816,3,2G41,G - Ler/Col,10.858
21816,3,2B11,B - Col/ Ws,10.864
21816,3,2F31,F - Col/Ler,11.28
21816,3,2C21,C - Ws/Ler,13.236
21816,3,2G21,G - Ler/Col,0
21816,3,2C61,C - Ws/Ler,14.801
21816,3,2A11,A - Ws/Col,0
21816,3,2B51,B - Col/ Ws,10.647
21816,3,2C51,C - Ws/Ler,10.742
21816,3,2G61,G - Ler/Col,12.981
22016,3,2D31,D - Ler/ Ws,0
22016,3,2D61,D - Ler/ Ws,0
22016,3,2C31,C - Ws/Ler,13.027
22016,3,2A51,A - Ws/Col,0
22016,3,2A41,A - Ws/Col,7.589
22016,3,2A61,A - Ws/Col,14.78
22016,3,2G31,G - Ler/Col,14.225
22016,3,2F41,F - Col/Ler,0.595
22016,3,2B31,B - Col/ Ws,7.484
22016,3,2C11,C - Ws/Ler,1.447
22016,3,2F11,F - Col/Ler,4.843
22016,3,2F51,F - Col/Ler,12.08
22016,3,2D21,D - Ler/ Ws,0
22016,3,2C41,C - Ws/Ler,17.172
22016,3,2D11,D - Ler/ Ws,0
22016,3,2B61,B - Col/ Ws,0
22016,3,2G11,G - Ler/Col,15.635
22016,3,2A31,A - Ws/Col,15.584
22016,3,2F61,F - Col/Ler,12.888
22016,3,2B21,B - Col/ Ws,12.117
22016,3,2D41,D - Ler/ Ws,3.659
22016,3,2D51,D - Ler/ Ws,0
22016,3,2A21,A - Ws/Col,4.12
22016,3,2G51,G - Ler/Col,14.062
22016,3,2B41,B - Col/ Ws,13.019
22016,3,2F21,F - Col/Ler,14.693
22016,3,2G41,G - Ler/Col,13.835
22016,3,2B11,B - Col/ Ws,14.004
22016,3,2F31,F - Col/Ler,15.205
22016,3,2C21,C - Ws/Ler,16.797
22016,3,2G21,G - Ler/Col,0
22016,3,2C61,C - Ws/Ler,16.014
22016,3,2A11,A - Ws/Col,0
22016,3,2B51,B - Col/ Ws,13.079
22016,3,2C51,C - Ws/Ler,13.685
22016,3,2G61,G - Ler/Col,14.396
22216,3,2D31,D - Ler/ Ws,0
22216,3,2D61,D - Ler/ Ws,0
22216,3,2C31,C - Ws/Ler,17.97
22216,3,2A51,A - Ws/Col,0
22216,3,2A41,A - Ws/Col,9.546
22216,3,2A61,A - Ws/Col,18.979
22216,3,2G31,G - Ler/Col,17.577
22216,3,2F41,F - Col/Ler,10.209
22216,3,2B31,B - Col/ Ws,2.191
22216,3,2C11,C - Ws/Ler,6.713
22216,3,2F11,F - Col/Ler,8.411
22216,3,2F51,F - Col/Ler,15.822
22216,3,2D21,D - Ler/ Ws,0
22216,3,2C41,C - Ws/Ler,23.597
22216,3,2D11,D - Ler/ Ws,0
22216,3,2B61,B - Col/ Ws,0
22216,3,2G11,G - Ler/Col,19.662
22216,3,2A31,A - Ws/Col,19.795
22216,3,2F61,F - Col/Ler,17.212
22216,3,2B21,B - Col/ Ws,14.961
22216,3,2D41,D - Ler/ Ws,4.854
22216,3,2D51,D - Ler/ Ws,5.573
22216,3,2A21,A - Ws/Col,0
22216,3,2G51,G - Ler/Col,19.573
22216,3,2B41,B - Col/ Ws,16.369
22216,3,2F21,F - Col/Ler,18.351
22216,3,2G41,G - Ler/Col,17.234
22216,3,2B11,B - Col/ Ws,15.483
22216,3,2F31,F - Col/Ler,17.925
22216,3,2C21,C - Ws/Ler,21.269
22216,3,2G21,G - Ler/Col,0
22216,3,2C61,C - Ws/Ler,23.115
22216,3,2A11,A - Ws/Col,0
22216,3,2B51,B - Col/ Ws,14.686
22216,3,2C51,C - Ws/Ler,17.901
22216,3,2G61,G - Ler/Col,19.028
22416,3,2D31,D - Ler/ Ws,0
22416,3,2D61,D - Ler/ Ws,0
22416,3,2C31,C - Ws/Ler,23.219
22416,3,2A51,A - Ws/Col,0
22416,3,2A41,A - Ws/Col,12.448
22416,3,2A61,A - Ws/Col,25.374
22416,3,2G31,G - Ler/Col,24.777
22416,3,2F41,F - Col/Ler,14.311
22416,3,2B31,B - Col/ Ws,2.953
22416,3,2C11,C - Ws/Ler,9.07
22416,3,2F11,F - Col/Ler,11.616
22416,3,2F51,F - Col/Ler,19.426
22416,3,2D21,D - Ler/ Ws,0
22416,3,2C41,C - Ws/Ler,28.65
22416,3,2D11,D - Ler/ Ws,0
22416,3,2B61,B - Col/ Ws,0
22416,3,2G11,G - Ler/Col,26.228
22416,3,2A31,A - Ws/Col,24.637
22416,3,2F61,F - Col/Ler,21.106
13016,4,2D62,D - Ler/ Ws,0.417
13016,4,2G22,G - Ler/Col,0.321
13016,4,2A42,A - Ws/Col,0.107
13016,4,2C42,C - Ws/Ler,0
13016,4,2B42,B - Col/ Ws,0.302
13016,4,2D22,D - Ler/ Ws,0.511
13016,4,2C12,C - Ws/Ler,0.39
13016,4,2A52,A - Ws/Col,0.439
13016,4,2G52,G - Ler/Col,0.378
13016,4,2F52,F - Col/Ler,0.37
13016,4,2B52,B - Col/ Ws,0.34
13016,4,2F32,F - Col/Ler,0.376
13016,4,2A32,A - Ws/Col,0
13016,4,2D12,D - Ler/ Ws,0.435
13016,4,2B22,B - Col/ Ws,0.379
13016,4,2G12,G - Ler/Col,0.273
13016,4,2A12,A - Ws/Col,0.282
13016,4,2F12,F - Col/Ler,0.429
13016,4,2C52,C - Ws/Ler,0
13016,4,2G32,G - Ler/Col,0.304
13016,4,2G42,G - Ler/Col,0.237
13016,4,2F22,F - Col/Ler,0
13016,4,2A22,A - Ws/Col,0.335
13016,4,2D42,D - Ler/ Ws,0
13016,4,2F62,F - Col/Ler,0.356
13016,4,2B62,B - Col/ Ws,428
13016,4,2C22,C - Ws/Ler,0.427
13016,4,2B32,B - Col/ Ws,0
13016,4,2D32,D - Ler/ Ws,0.239
13016,4,2G62,G - Ler/Col,0.069
13016,4,2F42,F - Col/Ler,0.478
13016,4,2C62,C - Ws/Ler,0.473
13016,4,2A62,A - Ws/Col,0.145
13016,4,2B12,B - Col/ Ws,0
13016,4,2D52,D - Ler/ Ws,0
13016,4,2C32,C - Ws/Ler,0.382
20816,4,2D62,D - Ler/ Ws,2.968
20816,4,2G22,G - Ler/Col,2.295
20816,4,2A42,A - Ws/Col,0.768
20816,4,2C42,C - Ws/Ler,2.594
20816,4,2B42,B - Col/ Ws,1.908
20816,4,2D22,D - Ler/ Ws,3.958
20816,4,2C12,C - Ws/Ler,2.637
20816,4,2A52,A - Ws/Col,2.883
20816,4,2G52,G - Ler/Col,2.509
20816,4,2F52,F - Col/Ler,2.325
20816,4,2B52,B - Col/ Ws,2.198
20816,4,2F32,F - Col/Ler,2.387
20816,4,2A32,A - Ws/Col,0
20816,4,2D12,D - Ler/ Ws,3.689
20816,4,2B22,B - Col/ Ws,2.475
20816,4,2G12,G - Ler/Col,2.029
20816,4,2A12,A - Ws/Col,2.213
20816,4,2F12,F - Col/Ler,2.994
20816,4,2C52,C - Ws/Ler,2.032
20816,4,2G32,G - Ler/Col,2.268
20816,4,2G42,G - Ler/Col,1.794
20816,4,2F22,F - Col/Ler,2.042
20816,4,2A22,A - Ws/Col,2.561
20816,4,2D42,D - Ler/ Ws,0
20816,4,2F62,F - Col/Ler,2.483
20816,4,2B62,B - Col/ Ws,2.549
20816,4,2C22,C - Ws/Ler,3.352
20816,4,2B32,B - Col/ Ws,0
20816,4,2D32,D - Ler/ Ws,0
20816,4,2G62,G - Ler/Col,3.179
20816,4,2F42,F - Col/Ler,2.633
20816,4,2C62,C - Ws/Ler,3.371
20816,4,2A62,A - Ws/Col,0.929
20816,4,2B12,B - Col/ Ws,1.462
20816,4,2D52,D - Ler/ Ws,0
20816,4,2C32,C - Ws/Ler,0.462
20616,4,2D62,D - Ler/ Ws,2.31
20616,4,2G22,G - Ler/Col,1.762
20616,4,2A42,A - Ws/Col,0.679
20616,4,2C42,C - Ws/Ler,0
20616,4,2B42,B - Col/ Ws,1.599
20616,4,2D22,D - Ler/ Ws,2.952
20616,4,2C12,C - Ws/Ler,1.965
20616,4,2A52,A - Ws/Col,2.13
20616,4,2G52,G - Ler/Col,2.087
20616,4,2F52,F - Col/Ler,1.698
20616,4,2B52,B - Col/ Ws,1.632
20616,4,2F32,F - Col/Ler,1.869
20616,4,2A32,A - Ws/Col,0
20616,4,2D12,D - Ler/ Ws,2.504
20616,4,2B22,B - Col/ Ws,1.926
20616,4,2G12,G - Ler/Col,1.483
20616,4,2A12,A - Ws/Col,1.7
20616,4,2F12,F - Col/Ler,2.915
20616,4,2C52,C - Ws/Ler,0
20616,4,2G32,G - Ler/Col,1.649
20616,4,2G42,G - Ler/Col,1.32
20616,4,2F22,F - Col/Ler,0
20616,4,2A22,A - Ws/Col,1.816
20616,4,2D42,D - Ler/ Ws,0
20616,4,2F62,F - Col/Ler,1.753
20616,4,2B62,B - Col/ Ws,1.713
20616,4,2C22,C - Ws/Ler,2.107
20616,4,2B32,B - Col/ Ws,0
20616,4,2D32,D - Ler/ Ws,0
20616,4,2G62,G - Ler/Col,2.054
20616,4,2F42,F - Col/Ler,1.699
20616,4,2C62,C - Ws/Ler,2.133
20616,4,2A62,A - Ws/Col,0.657
20616,4,2B12,B - Col/ Ws,1.085
20616,4,2D52,D - Ler/ Ws,0
20616,4,2C32,C - Ws/Ler,0.327
20416,4,2D62,D - Ler/ Ws,1.338
20416,4,2G22,G - Ler/Col,1.022
20416,4,2A42,A - Ws/Col,0.337
20416,4,2C42,C - Ws/Ler,0
20416,4,2B42,B - Col/ Ws,0.928
20416,4,2D22,D - Ler/ Ws,1.215
20416,4,2C12,C - Ws/Ler,1.753
20416,4,2A52,A - Ws/Col,0.928
20416,4,2G52,G - Ler/Col,1.26
20416,4,2F52,F - Col/Ler,1.076
20416,4,2B52,B - Col/ Ws,1.056
20416,4,2F32,F - Col/Ler,1.2
20416,4,2A32,A - Ws/Col,0
20416,4,2D12,D - Ler/ Ws,1.533
20416,4,2B22,B - Col/ Ws,1.237
20416,4,2G12,G - Ler/Col,0.859
20416,4,2A12,A - Ws/Col,0.996
20416,4,2F12,F - Col/Ler,2.074
20416,4,2C52,C - Ws/Ler,0
20416,4,2G32,G - Ler/Col,1.029
20416,4,2G42,G - Ler/Col,0.817
20416,4,2F22,F - Col/Ler,0
20416,4,2A22,A - Ws/Col,1.174
20416,4,2D42,D - Ler/ Ws,0
20416,4,2F62,F - Col/Ler,1.182
20416,4,2B62,B - Col/ Ws,1.28
20416,4,2C22,C - Ws/Ler,1.432
20416,4,2B32,B - Col/ Ws,0
20416,4,2D32,D - Ler/ Ws,0
20416,4,2G62,G - Ler/Col,1.439
20416,4,2F42,F - Col/Ler,1.178
20416,4,2C62,C - Ws/Ler,1.471
20416,4,2A62,A - Ws/Col,0.397
20416,4,2B12,B - Col/ Ws,0.736
20416,4,2D52,D - Ler/ Ws,0
20416,4,2C32,C - Ws/Ler,0.231
21016,4,2D62,D - Ler/ Ws,4.408
21016,4,2G22,G - Ler/Col,3.151
21016,4,2A42,A - Ws/Col,1.11
21016,4,2C42,C - Ws/Ler,1.431
21016,4,2B42,B - Col/ Ws,2.636
21016,4,2D22,D - Ler/ Ws,5.302
21016,4,2C12,C - Ws/Ler,3.57
21016,4,2A52,A - Ws/Col,3.783
21016,4,2G52,G - Ler/Col,3.417
21016,4,2F52,F - Col/Ler,3.252
21016,4,2B52,B - Col/ Ws,2.953
21016,4,2F32,F - Col/Ler,3.165
21016,4,2A32,A - Ws/Col,0
21016,4,2D12,D - Ler/ Ws,4.737
21016,4,2B22,B - Col/ Ws,3.133
21016,4,2G12,G - Ler/Col,2.643
21016,4,2A12,A - Ws/Col,2.993
21016,4,2F12,F - Col/Ler,3.662
21016,4,2C52,C - Ws/Ler,1.876
21016,4,2G32,G - Ler/Col,2.964
21016,4,2G42,G - Ler/Col,2.326
21016,4,2F22,F - Col/Ler,1.211
21016,4,2A22,A - Ws/Col,3.358
21016,4,2D42,D - Ler/ Ws,0
21016,4,2F62,F - Col/Ler,3.483
21016,4,2B62,B - Col/ Ws,3.342
21016,4,2C22,C - Ws/Ler,4.465
21016,4,2B32,B - Col/ Ws,0
21016,4,2D32,D - Ler/ Ws,0
21016,4,2G62,G - Ler/Col,4.294
21016,4,2F42,F - Col/Ler,3.524
21016,4,2C62,C - Ws/Ler,4.494
21016,4,2A62,A - Ws/Col,1.699
21016,4,2B12,B - Col/ Ws,2.46
21016,4,2D52,D - Ler/ Ws,0
21016,4,2C32,C - Ws/Ler,0.753
21216,4,2D62,D - Ler/ Ws,6.702
21216,4,2G22,G - Ler/Col,4.573
21216,4,2A42,A - Ws/Col,1.755
21216,4,2C42,C - Ws/Ler,1.747
21216,4,2B42,B - Col/ Ws,4.143
21216,4,2D22,D - Ler/ Ws,7.359
21216,4,2C12,C - Ws/Ler,5.119
21216,4,2A52,A - Ws/Col,5.393
21216,4,2G52,G - Ler/Col,4.96
21216,4,2F52,F - Col/Ler,4.706
21216,4,2B52,B - Col/ Ws,4.328
21216,4,2F32,F - Col/Ler,4.757
21216,4,2A32,A - Ws/Col,0
21216,4,2D12,D - Ler/ Ws,6.133
21216,4,2B22,B - Col/ Ws,4.677
21216,4,2G12,G - Ler/Col,3.812
21216,4,2A12,A - Ws/Col,4.346
21216,4,2F12,F - Col/Ler,5.296
21216,4,2C52,C - Ws/Ler,2.604
21216,4,2G32,G - Ler/Col,4.511
21216,4,2G42,G - Ler/Col,3.363
21216,4,2F22,F - Col/Ler,1.792
21216,4,2A22,A - Ws/Col,4.895
21216,4,2D42,D - Ler/ Ws,0
21216,4,2F62,F - Col/Ler,5.06
21216,4,2B62,B - Col/ Ws,4.784
21216,4,2C22,C - Ws/Ler,6.415
21216,4,2B32,B - Col/ Ws,0
21216,4,2D32,D - Ler/ Ws,0
21216,4,2G62,G - Ler/Col,6.247
21216,4,2F42,F - Col/Ler,5.245
21216,4,2C62,C - Ws/Ler,6.094
21216,4,2A62,A - Ws/Col,2.601
21216,4,2B12,B - Col/ Ws,3.635
21216,4,2D52,D - Ler/ Ws,0
21216,4,2C32,C - Ws/Ler,1.033
21416,4,2D62,D - Ler/ Ws,9.112
21416,4,2G22,G - Ler/Col,5.895
21416,4,2A42,A - Ws/Col,2.29
21416,4,2C42,C - Ws/Ler,1.926
21416,4,2B42,B - Col/ Ws,5.51
21416,4,2D22,D - Ler/ Ws,10.262
21416,4,2C12,C - Ws/Ler,6.826
21416,4,2A52,A - Ws/Col,6.971
21416,4,2G52,G - Ler/Col,6.559
21416,4,2F52,F - Col/Ler,6.552
21416,4,2B52,B - Col/ Ws,5.983
21416,4,2F32,F - Col/Ler,6.527
21416,4,2A32,A - Ws/Col,0
21416,4,2D12,D - Ler/ Ws,8.341
21416,4,2B22,B - Col/ Ws,6.243
21416,4,2G12,G - Ler/Col,5.327
21416,4,2A12,A - Ws/Col,6.042
21416,4,2F12,F - Col/Ler,7.312
21416,4,2C52,C - Ws/Ler,3.789
21416,4,2G32,G - Ler/Col,6.176
21416,4,2G42,G - Ler/Col,4.51
21416,4,2F22,F - Col/Ler,2.382
21416,4,2A22,A - Ws/Col,6.592
21416,4,2D42,D - Ler/ Ws,0
21416,4,2F62,F - Col/Ler,6.52
21416,4,2B62,B - Col/ Ws,6.463
21416,4,2C22,C - Ws/Ler,8.922
21416,4,2B32,B - Col/ Ws,0
21416,4,2D32,D - Ler/ Ws,0
21416,4,2G62,G - Ler/Col,8.341
21416,4,2F42,F - Col/Ler,7.057
21416,4,2C62,C - Ws/Ler,7.533
21416,4,2A62,A - Ws/Col,3.534
21416,4,2B12,B - Col/ Ws,4.821
21416,4,2D52,D - Ler/ Ws,0
21416,4,2C32,C - Ws/Ler,1.613
21616,4,2D62,D - Ler/ Ws,12.193
21616,4,2G22,G - Ler/Col,7.745
21616,4,2A42,A - Ws/Col,3.355
21616,4,2C42,C - Ws/Ler,3.136
21616,4,2B42,B - Col/ Ws,7.768
21616,4,2D22,D - Ler/ Ws,15.339
21616,4,2C12,C - Ws/Ler,9.324
21616,4,2A52,A - Ws/Col,10.86
21616,4,2G52,G - Ler/Col,9.404
21616,4,2F52,F - Col/Ler,9.078
21616,4,2B52,B - Col/ Ws,8.965
21616,4,2F32,F - Col/Ler,10.059
21616,4,2A32,A - Ws/Col,0
21616,4,2D12,D - Ler/ Ws,12.136
21616,4,2B22,B - Col/ Ws,9.435
21616,4,2G12,G - Ler/Col,8.234
21616,4,2A12,A - Ws/Col,8.861
21616,4,2F12,F - Col/Ler,10.605
21616,4,2C52,C - Ws/Ler,5.816
21616,4,2G32,G - Ler/Col,9.498
21616,4,2G42,G - Ler/Col,6.618
21616,4,2F22,F - Col/Ler,3.599
21616,4,2A22,A - Ws/Col,10.417
21616,4,2D42,D - Ler/ Ws,0
21616,4,2F62,F - Col/Ler,9.247
21616,4,2B62,B - Col/ Ws,9.422
21616,4,2C22,C - Ws/Ler,13.419
21616,4,2B32,B - Col/ Ws,0
21616,4,2D32,D - Ler/ Ws,0
21616,4,2G62,G - Ler/Col,12.206
21616,4,2F42,F - Col/Ler,10.946
21616,4,2C62,C - Ws/Ler,12.023
21616,4,2A62,A - Ws/Col,5.009
21616,4,2B12,B - Col/ Ws,7.069
21616,4,2D52,D - Ler/ Ws,0
21616,4,2C32,C - Ws/Ler,1.982
21816,4,2D62,D - Ler/ Ws,18.688
21816,4,2G22,G - Ler/Col,11.481
21816,4,2A42,A - Ws/Col,5.128
21816,4,2C42,C - Ws/Ler,4.328
21816,4,2B42,B - Col/ Ws,11.989
21816,4,2D22,D - Ler/ Ws,23.267
21816,4,2C12,C - Ws/Ler,13.716
21816,4,2A52,A - Ws/Col,14.3
21816,4,2G52,G - Ler/Col,13.425
21816,4,2F52,F - Col/Ler,13.656
21816,4,2B52,B - Col/ Ws,12.509
21816,4,2F32,F - Col/Ler,14.511
21816,4,2A32,A - Ws/Col,0
21816,4,2D12,D - Ler/ Ws,19.317
21816,4,2B22,B - Col/ Ws,11.771
21816,4,2G12,G - Ler/Col,11.625
21816,4,2A12,A - Ws/Col,12.595
21816,4,2F12,F - Col/Ler,14.017
21816,4,2C52,C - Ws/Ler,8.037
21816,4,2G32,G - Ler/Col,13.006
21816,4,2G42,G - Ler/Col,9.758
21816,4,2F22,F - Col/Ler,5.133
21816,4,2A22,A - Ws/Col,15
21816,4,2D42,D - Ler/ Ws,0
21816,4,2F62,F - Col/Ler,13.434
21816,4,2B62,B - Col/ Ws,13.122
21816,4,2C22,C - Ws/Ler,18.198
21816,4,2B32,B - Col/ Ws,0
21816,4,2D32,D - Ler/ Ws,0
21816,4,2G62,G - Ler/Col,16.937
21816,4,2F42,F - Col/Ler,15.204
21816,4,2C62,C - Ws/Ler,15.578
21816,4,2A62,A - Ws/Col,7.454
21816,4,2B12,B - Col/ Ws,9.928
21816,4,2D52,D - Ler/ Ws,0
21816,4,2C32,C - Ws/Ler,3.529
22016,4,2D62,D - Ler/ Ws,21.631
22016,4,2G22,G - Ler/Col,12.133
22016,4,2A42,A - Ws/Col,6.069
22016,4,2C42,C - Ws/Ler,5.197
22016,4,2B42,B - Col/ Ws,14.581
22016,4,2D22,D - Ler/ Ws,21.506
22016,4,2C12,C - Ws/Ler,14.555
22016,4,2A52,A - Ws/Col,16.485
22016,4,2G52,G - Ler/Col,16.369
22016,4,2F52,F - Col/Ler,15.789
22016,4,2B52,B - Col/ Ws,14.593
22016,4,2F32,F - Col/Ler,17.697
22016,4,2A32,A - Ws/Col,0
22016,4,2D12,D - Ler/ Ws,20.751
22016,4,2B22,B - Col/ Ws,13.18
22016,4,2G12,G - Ler/Col,13.577
22016,4,2A12,A - Ws/Col,15.114
22016,4,2F12,F - Col/Ler,17.004
22016,4,2C52,C - Ws/Ler,10
22016,4,2G32,G - Ler/Col,14.162
22016,4,2G42,G - Ler/Col,11.372
22016,4,2F22,F - Col/Ler,5.993
22016,4,2A22,A - Ws/Col,16.652
22016,4,2D42,D - Ler/ Ws,0
22016,4,2F62,F - Col/Ler,16.904
22016,4,2B62,B - Col/ Ws,14.971
22016,4,2C22,C - Ws/Ler,20.288
22016,4,2B32,B - Col/ Ws,0
22016,4,2D32,D - Ler/ Ws,0
22016,4,2G62,G - Ler/Col,19.427
22016,4,2F42,F - Col/Ler,17.669
22016,4,2C62,C - Ws/Ler,17.987
22016,4,2A62,A - Ws/Col,9.406
22016,4,2B12,B - Col/ Ws,12.532
22016,4,2D52,D - Ler/ Ws,0
22016,4,2C32,C - Ws/Ler,4.831
22216,4,2D62,D - Ler/ Ws,25.075
22216,4,2G22,G - Ler/Col,16.363
22216,4,2A42,A - Ws/Col,8.003
22216,4,2C42,C - Ws/Ler,6.422
22216,4,2B42,B - Col/ Ws,17.67
22216,4,2D22,D - Ler/ Ws,26.646
22216,4,2C12,C - Ws/Ler,19.732
22216,4,2A52,A - Ws/Col,19.572
22216,4,2G52,G - Ler/Col,22.207
22216,4,2F52,F - Col/Ler,17.764
22216,4,2B52,B - Col/ Ws,18.545
22216,4,2F32,F - Col/Ler,22.248
22216,4,2A32,A - Ws/Col,0
22216,4,2D12,D - Ler/ Ws,26.274
22216,4,2B22,B - Col/ Ws,18.765
22216,4,2G12,G - Ler/Col,16.571
22216,4,2A12,A - Ws/Col,21.378
22216,4,2F12,F - Col/Ler,21.395
22216,4,2C52,C - Ws/Ler,13.775
22216,4,2G32,G - Ler/Col,18.669
22216,4,2G42,G - Ler/Col,15.394
22216,4,2F22,F - Col/Ler,8.344
22216,4,2A22,A - Ws/Col,21.261
22216,4,2D42,D - Ler/ Ws,0
22216,4,2F62,F - Col/Ler,21.365
22216,4,2B62,B - Col/ Ws,18.324
22216,4,2C22,C - Ws/Ler,24.467
22216,4,2B32,B - Col/ Ws,0
22216,4,2D32,D - Ler/ Ws,0
22216,4,2G62,G - Ler/Col,20.765
22216,4,2F42,F - Col/Ler,22.63
22216,4,2C62,C - Ws/Ler,20.469
22216,4,2A62,A - Ws/Col,11.585
22216,4,2B12,B - Col/ Ws,15.852
22216,4,2D52,D - Ler/ Ws,0
22216,4,2C32,C - Ws/Ler,5.462
20616,5,3G41,G - Ler/Col,0.897
20616,5,3G61,G - Ler/Col,1.155
20616,5,3C41,C - Ws/Ler,1.631
20616,5,3D41,D - Ler/ Ws,0.9
20616,5,3G51,G - Ler/Col,1.292
20616,5,3B21,B - Col/ Ws,1.537
20616,5,3A21,A - Ws/Col,1.559
20616,5,3B61,B - Col/ Ws,0.888
20616,5,3D51,D - Ler/ Ws,0
20616,5,3C51,C - Ws/Ler,1.58
20616,5,3A11,A - Ws/Col,1.597
20616,5,3C21,C - Ws/Ler,1.346
20616,5,3F31,F - Col/Ler,1.745
20616,5,3A51,A - Ws/Col,1.436
20616,5,3F11,F - Col/Ler,0.926
20616,5,3F51,F - Col/Ler,1.001
20616,5,3F21,F - Col/Ler,1.594
20616,5,3A61,A - Ws/Col,1.561
20616,5,3D31,D - Ler/ Ws,0.04
20616,5,3B31,B - Col/ Ws,0.8
20616,5,3D21,D - Ler/ Ws,1.223
20616,5,3F41,F - Col/Ler,1.754
20616,5,3C31,C - Ws/Ler,1.159
20616,5,3A31,A - Ws/Col,0.95
20616,5,3G11,G - Ler/Col,0.935
20616,5,3B51,B - Col/ Ws,1.754
20616,5,3G21,G - Ler/Col,1.159
20616,5,3C11,C - Ws/Ler,0.95
20616,5,3C61,C - Ws/Ler,1.217
20616,5,3D61,D - Ler/ Ws,1.368
20616,5,3D11,D - Ler/ Ws,1.215
20616,5,3G31,G - Ler/Col,0.782
20616,5,3B41,B - Col/ Ws,1.093
20616,5,3B11,B - Col/ Ws,1.152
20616,5,3F61,F - Col/Ler,0.447
20616,5,3A41,A - Ws/Col,1.274
20816,5,3G41,G - Ler/Col,0.843
20816,5,3G61,G - Ler/Col,0.882
20816,5,3C41,C - Ws/Ler,1.352
20816,5,3D41,D - Ler/ Ws,0.79
20816,5,3G51,G - Ler/Col,1.16
20816,5,3B21,B - Col/ Ws,1.006
20816,5,3A21,A - Ws/Col,1.377
20816,5,3B61,B - Col/ Ws,0.75
20816,5,3D51,D - Ler/ Ws,0
20816,5,3C51,C - Ws/Ler,1.21
20816,5,3A11,A - Ws/Col,1.431
20816,5,3C21,C - Ws/Ler,1.134
20816,5,3F31,F - Col/Ler,1.247
20816,5,3A51,A - Ws/Col,1.397
20816,5,3F11,F - Col/Ler,1.122
20816,5,3F51,F - Col/Ler,1.069
20816,5,3F21,F - Col/Ler,1.23
20816,5,3A61,A - Ws/Col,1.389
20816,5,3D31,D - Ler/ Ws,0.425
20816,5,3B31,B - Col/ Ws,0.829
20816,5,3D21,D - Ler/ Ws,1.001
20816,5,3F41,F - Col/Ler,0.989
20816,5,3C31,C - Ws/Ler,1.041
20816,5,3A31,A - Ws/Col,1.25
20816,5,3G11,G - Ler/Col,1.425
20816,5,3B51,B - Col/ Ws,1.544
20816,5,3G21,G - Ler/Col,0.946
20816,5,3C11,C - Ws/Ler,1.298
20816,5,3C61,C - Ws/Ler,1.24
20816,5,3D61,D - Ler/ Ws,1.013
20816,5,3D11,D - Ler/ Ws,1.157
20816,5,3G31,G - Ler/Col,1.04
20816,5,3B41,B - Col/ Ws,0.853
20816,5,3B11,B - Col/ Ws,1.01
20816,5,3F61,F - Col/Ler,0.485
20816,5,3A41,A - Ws/Col,1.141
21016,5,3G41,G - Ler/Col,0.805
21016,5,3G61,G - Ler/Col,0.78
21016,5,3C41,C - Ws/Ler,1.311
21016,5,3D41,D - Ler/ Ws,0.618
21016,5,3G51,G - Ler/Col,1.012
21016,5,3B21,B - Col/ Ws,0.914
21016,5,3A21,A - Ws/Col,1.156
21016,5,3B61,B - Col/ Ws,0.623
21016,5,3D51,D - Ler/ Ws,0
21016,5,3C51,C - Ws/Ler,1.228
21016,5,3A11,A - Ws/Col,1.259
21016,5,3C21,C - Ws/Ler,0.952
21016,5,3F31,F - Col/Ler,1.163
21016,5,3A51,A - Ws/Col,1.226
21016,5,3F11,F - Col/Ler,1.051
21016,5,3F51,F - Col/Ler,0.875
21016,5,3F21,F - Col/Ler,1.126
21016,5,3A61,A - Ws/Col,1.234
21016,5,3D31,D - Ler/ Ws,0.366
21016,5,3B31,B - Col/ Ws,0.703
21016,5,3D21,D - Ler/ Ws,0.908
21016,5,3F41,F - Col/Ler,0.922
21016,5,3C31,C - Ws/Ler,0.965
21016,5,3A31,A - Ws/Col,1.122
21016,5,3G11,G - Ler/Col,1.15
21016,5,3B51,B - Col/ Ws,1.384
21016,5,3G21,G - Ler/Col,0.809
21016,5,3C11,C - Ws/Ler,1.089
21016,5,3C61,C - Ws/Ler,1.13
21016,5,3D61,D - Ler/ Ws,0.925
21016,5,3D11,D - Ler/ Ws,1.053
21016,5,3G31,G - Ler/Col,0.885
21016,5,3B41,B - Col/ Ws,0.692
21016,5,3B11,B - Col/ Ws,0.889
21016,5,3F61,F - Col/Ler,0.403
21016,5,3A41,A - Ws/Col,1.259
21216,5,3G41,G - Ler/Col,1.641
21216,5,3G61,G - Ler/Col,1.569
21216,5,3C41,C - Ws/Ler,2.528
21216,5,3D41,D - Ler/ Ws,1.317
21216,5,3G51,G - Ler/Col,2.016
21216,5,3B21,B - Col/ Ws,1.78
21216,5,3A21,A - Ws/Col,2.186
21216,5,3B61,B - Col/ Ws,1.227
21216,5,3D51,D - Ler/ Ws,0
21216,5,3C51,C - Ws/Ler,2.292
21216,5,3A11,A - Ws/Col,2.33
21216,5,3C21,C - Ws/Ler,1.766
21216,5,3F31,F - Col/Ler,2.257
21216,5,3A51,A - Ws/Col,2.432
21216,5,3F11,F - Col/Ler,1.938
21216,5,3F51,F - Col/Ler,1.671
21216,5,3F21,F - Col/Ler,2.245
21216,5,3A61,A - Ws/Col,2.503
21216,5,3D31,D - Ler/ Ws,0.795
21216,5,3B31,B - Col/ Ws,1.356
21216,5,3D21,D - Ler/ Ws,1.648
21216,5,3F41,F - Col/Ler,1.821
21216,5,3C31,C - Ws/Ler,1.922
21216,5,3A31,A - Ws/Col,2.208
21216,5,3G11,G - Ler/Col,2.266
21216,5,3B51,B - Col/ Ws,2.629
21216,5,3G21,G - Ler/Col,1.641
21216,5,3C11,C - Ws/Ler,1.987
21216,5,3C61,C - Ws/Ler,2.243
21216,5,3D61,D - Ler/ Ws,1.687
21216,5,3D11,D - Ler/ Ws,1.986
21216,5,3G31,G - Ler/Col,1.234
21216,5,3B41,B - Col/ Ws,1.649
21216,5,3B11,B - Col/ Ws,1.755
21216,5,3F61,F - Col/Ler,0.632
21216,5,3A41,A - Ws/Col,2.258
21416,5,3G41,G - Ler/Col,5.335
21416,5,3G61,G - Ler/Col,4.896
21416,5,3C41,C - Ws/Ler,7.03
21416,5,3D41,D - Ler/ Ws,3.901
21416,5,3G51,G - Ler/Col,5.569
21416,5,3B21,B - Col/ Ws,5.345
21416,5,3A21,A - Ws/Col,6.922
21416,5,3B61,B - Col/ Ws,3.471
21416,5,3D51,D - Ler/ Ws,0
21416,5,3C51,C - Ws/Ler,7.077
21416,5,3A11,A - Ws/Col,6.846
21416,5,3C21,C - Ws/Ler,5.818
21416,5,3F31,F - Col/Ler,7.154
21416,5,3A51,A - Ws/Col,6.756
21416,5,3F11,F - Col/Ler,6.043
21416,5,3F51,F - Col/Ler,5.481
21416,5,3F21,F - Col/Ler,6.633
21416,5,3A61,A - Ws/Col,7.371
21416,5,3D31,D - Ler/ Ws,2.355
21416,5,3B31,B - Col/ Ws,4.274
21416,5,3D21,D - Ler/ Ws,4.657
21416,5,3F41,F - Col/Ler,5.485
21416,5,3C31,C - Ws/Ler,6.536
21416,5,3A31,A - Ws/Col,6.767
21416,5,3G11,G - Ler/Col,7.538
21416,5,3B51,B - Col/ Ws,8.289
21416,5,3G21,G - Ler/Col,5.551
21416,5,3C11,C - Ws/Ler,6.388
21416,5,3C61,C - Ws/Ler,7.035
21416,5,3D61,D - Ler/ Ws,5.864
21416,5,3D11,D - Ler/ Ws,6.226
21416,5,3G31,G - Ler/Col,4.28
21416,5,3B41,B - Col/ Ws,5.18
21416,5,3B11,B - Col/ Ws,5.676
21416,5,3F61,F - Col/Ler,2.079
21416,5,3A41,A - Ws/Col,5.714
21616,5,3G41,G - Ler/Col,1.876
21616,5,3G61,G - Ler/Col,2.71
21616,5,3C41,C - Ws/Ler,4.112
21616,5,3D41,D - Ler/ Ws,2.1
21616,5,3G51,G - Ler/Col,3.335
21616,5,3B21,B - Col/ Ws,3.095
21616,5,3A21,A - Ws/Col,3.831
21616,5,3B61,B - Col/ Ws,1.961
21616,5,3D51,D - Ler/ Ws,0
21616,5,3C51,C - Ws/Ler,4.158
21616,5,3A11,A - Ws/Col,4.07
21616,5,3C21,C - Ws/Ler,3.43
21616,5,3F31,F - Col/Ler,3.941
21616,5,3A51,A - Ws/Col,4.105
21616,5,3F11,F - Col/Ler,3.424
21616,5,3F51,F - Col/Ler,3.149
21616,5,3F21,F - Col/Ler,3.971
21616,5,3A61,A - Ws/Col,4.283
21616,5,3D31,D - Ler/ Ws,1.407
21616,5,3B31,B - Col/ Ws,2.695
21616,5,3D21,D - Ler/ Ws,2.927
21616,5,3F41,F - Col/Ler,3.26
21616,5,3C31,C - Ws/Ler,3.97
21616,5,3A31,A - Ws/Col,4.162
21616,5,3G11,G - Ler/Col,4.057
21616,5,3B51,B - Col/ Ws,4.685
21616,5,3G21,G - Ler/Col,3.015
21616,5,3C11,C - Ws/Ler,3.435
21616,5,3C61,C - Ws/Ler,4.025
21616,5,3D61,D - Ler/ Ws,3.364
21616,5,3D11,D - Ler/ Ws,3.503
21616,5,3G31,G - Ler/Col,2.72
21616,5,3B41,B - Col/ Ws,2.964
21616,5,3B11,B - Col/ Ws,3.056
21616,5,3F61,F - Col/Ler,1.156
21616,5,3A41,A - Ws/Col,2.948
21816,5,3G41,G - Ler/Col,3.435
21816,5,3G61,G - Ler/Col,4.657
21816,5,3C41,C - Ws/Ler,6.885
21816,5,3D41,D - Ler/ Ws,3.151
21816,5,3G51,G - Ler/Col,5.085
21816,5,3B21,B - Col/ Ws,4.783
21816,5,3A21,A - Ws/Col,6.05
21816,5,3B61,B - Col/ Ws,3.04
21816,5,3D51,D - Ler/ Ws,0
21816,5,3C51,C - Ws/Ler,6.123
21816,5,3A11,A - Ws/Col,6.387
21816,5,3C21,C - Ws/Ler,4.815
21816,5,3F31,F - Col/Ler,6.18
21816,5,3A51,A - Ws/Col,6.575
21816,5,3F11,F - Col/Ler,5.16
21816,5,3F51,F - Col/Ler,4.652
21816,5,3F21,F - Col/Ler,6.271
21816,5,3A61,A - Ws/Col,6.607
21816,5,3D31,D - Ler/ Ws,2.215
21816,5,3B31,B - Col/ Ws,3.777
21816,5,3D21,D - Ler/ Ws,4.195
21816,5,3F41,F - Col/Ler,5.047
21816,5,3C31,C - Ws/Ler,6.123
21816,5,3A31,A - Ws/Col,6.508
21816,5,3G11,G - Ler/Col,5.814
21816,5,3B51,B - Col/ Ws,7.392
21816,5,3G21,G - Ler/Col,4.195
21816,5,3C11,C - Ws/Ler,4.749
21816,5,3C61,C - Ws/Ler,5.819
21816,5,3D61,D - Ler/ Ws,5.54
21816,5,3D11,D - Ler/ Ws,5.26
21816,5,3G31,G - Ler/Col,3.692
21816,5,3B41,B - Col/ Ws,3.784
21816,5,3B11,B - Col/ Ws,4.397
21816,5,3F61,F - Col/Ler,0.967
21816,5,3A41,A - Ws/Col,1.877
22016,5,3G41,G - Ler/Col,6.049
22016,5,3G61,G - Ler/Col,10.137
22016,5,3C41,C - Ws/Ler,12.689
22016,5,3D41,D - Ler/ Ws,6.111
22016,5,3G51,G - Ler/Col,9.985
22016,5,3B21,B - Col/ Ws,9.721
22016,5,3A21,A - Ws/Col,11.297
22016,5,3B61,B - Col/ Ws,5.016
22016,5,3D51,D - Ler/ Ws,0
22016,5,3C51,C - Ws/Ler,13.138
22016,5,3A11,A - Ws/Col,13.558
22016,5,3C21,C - Ws/Ler,10.372
22016,5,3F31,F - Col/Ler,11.188
22016,5,3A51,A - Ws/Col,12.97
22016,5,3F11,F - Col/Ler,10.103
22016,5,3F51,F - Col/Ler,9.626
22016,5,3F21,F - Col/Ler,12.48
22016,5,3A61,A - Ws/Col,12.833
22016,5,3D31,D - Ler/ Ws,4.187
22016,5,3B31,B - Col/ Ws,7.666
22016,5,3D21,D - Ler/ Ws,7.867
22016,5,3F41,F - Col/Ler,10.248
22016,5,3C31,C - Ws/Ler,12.207
22016,5,3A31,A - Ws/Col,12.832
22016,5,3G11,G - Ler/Col,12.427
22016,5,3B51,B - Col/ Ws,15.947
22016,5,3G21,G - Ler/Col,9.899
22016,5,3C11,C - Ws/Ler,10.116
22016,5,3C61,C - Ws/Ler,14.102
22016,5,3D61,D - Ler/ Ws,11.248
22016,5,3D11,D - Ler/ Ws,12.488
22016,5,3G31,G - Ler/Col,8.041
22016,5,3B41,B - Col/ Ws,9.557
22016,5,3B11,B - Col/ Ws,10.689
22016,5,3F61,F - Col/Ler,4.056
22016,5,3A41,A - Ws/Col,9.038
22216,5,3G41,G - Ler/Col,3.271
22216,5,3G61,G - Ler/Col,5.932
22216,5,3C41,C - Ws/Ler,7.991
22216,5,3D41,D - Ler/ Ws,2.634
22216,5,3G51,G - Ler/Col,5.291
22216,5,3B21,B - Col/ Ws,6.011
22216,5,3A21,A - Ws/Col,7.516
22216,5,3B61,B - Col/ Ws,2.244
22216,5,3D51,D - Ler/ Ws,0
22216,5,3C51,C - Ws/Ler,8.189
22216,5,3A11,A - Ws/Col,8.336
22216,5,3C21,C - Ws/Ler,5.963
22216,5,3F31,F - Col/Ler,8.358
22216,5,3A51,A - Ws/Col,7.397
22216,5,3F11,F - Col/Ler,6.444
22216,5,3F51,F - Col/Ler,5.552
22216,5,3F21,F - Col/Ler,8.542
22216,5,3A61,A - Ws/Col,7.519
22216,5,3D31,D - Ler/ Ws,2.938
22216,5,3B31,B - Col/ Ws,4.81
22216,5,3D21,D - Ler/ Ws,4.367
22216,5,3F41,F - Col/Ler,6.823
22216,5,3C31,C - Ws/Ler,7.299
22216,5,3A31,A - Ws/Col,7.346
22216,5,3G11,G - Ler/Col,7.002
22216,5,3B51,B - Col/ Ws,9.481
22216,5,3G21,G - Ler/Col,6.229
22216,5,3C11,C - Ws/Ler,5.258
22216,5,3C61,C - Ws/Ler,7.569
22216,5,3D61,D - Ler/ Ws,6.361
22216,5,3D11,D - Ler/ Ws,7.206
22216,5,3G31,G - Ler/Col,4.164
22216,5,3B41,B - Col/ Ws,5.882
22216,5,3B11,B - Col/ Ws,5.814
22216,5,3F61,F - Col/Ler,2.173
22216,5,3A41,A - Ws/Col,5.143
22416,5,3G41,G - Ler/Col,3.094
22416,5,3G61,G - Ler/Col,6.418
22416,5,3C41,C - Ws/Ler,7.582
22416,5,3D41,D - Ler/ Ws,3.135
22416,5,3G51,G - Ler/Col,5.118
22416,5,3B21,B - Col/ Ws,5.528
22416,5,3A21,A - Ws/Col,7.615
22416,5,3B61,B - Col/ Ws,2.139
22416,5,3D51,D - Ler/ Ws,0
22416,5,3C51,C - Ws/Ler,8.966
22416,5,3A11,A - Ws/Col,9.224
22416,5,3C21,C - Ws/Ler,6.728
22416,5,3F31,F - Col/Ler,8.898
22416,5,3A51,A - Ws/Col,9.09
22416,5,3F11,F - Col/Ler,7.189
22416,5,3F51,F - Col/Ler,6.175
22416,5,3F21,F - Col/Ler,9.787
22416,5,3A61,A - Ws/Col,8.785
22416,5,3D31,D - Ler/ Ws,4.381
22416,5,3B31,B - Col/ Ws,5.542
22416,5,3D21,D - Ler/ Ws,4.988
22416,5,3F41,F - Col/Ler,7.998
22416,5,3C31,C - Ws/Ler,8.11
22416,5,3A31,A - Ws/Col,8.329
22416,5,3G11,G - Ler/Col,6.862
22416,5,3B51,B - Col/ Ws,10.307
22416,5,3G21,G - Ler/Col,7.266
22416,5,3C11,C - Ws/Ler,5.761
22416,5,3C61,C - Ws/Ler,8.219
22416,5,3D61,D - Ler/ Ws,6.604
22416,5,3D11,D - Ler/ Ws,7.709
22416,5,3G31,G - Ler/Col,4.516
22416,5,3B41,B - Col/ Ws,5.474
22416,5,3B11,B - Col/ Ws,6.028
22416,5,3F61,F - Col/Ler,3.163
22416,5,3A41,A - Ws/Col,5.582
22616,5,3G41,G - Ler/Col,3.926
22616,5,3G61,G - Ler/Col,7.925
22616,5,3C41,C - Ws/Ler,9.7
22616,5,3D41,D - Ler/ Ws,3.711
22616,5,3G51,G - Ler/Col,6.271
22616,5,3B21,B - Col/ Ws,6.703
22616,5,3A21,A - Ws/Col,8.995
22616,5,3B61,B - Col/ Ws,3.361
22616,5,3D51,D - Ler/ Ws,0
22616,5,3C51,C - Ws/Ler,10.775
22616,5,3A11,A - Ws/Col,10.135
22616,5,3C21,C - Ws/Ler,7.631
22616,5,3F31,F - Col/Ler,9.503
22616,5,3A51,A - Ws/Col,11.695
22616,5,3F11,F - Col/Ler,8.278
22616,5,3F51,F - Col/Ler,6.899
22616,5,3F21,F - Col/Ler,12.14
22616,5,3A61,A - Ws/Col,10.123
22616,5,3D31,D - Ler/ Ws,6.234
22616,5,3B31,B - Col/ Ws,6.817
22616,5,3D21,D - Ler/ Ws,6.029
22616,5,3F41,F - Col/Ler,9.905
22616,5,3C31,C - Ws/Ler,9.335
22616,5,3A31,A - Ws/Col,9.813
22616,5,3G11,G - Ler/Col,8.37
22616,5,3B51,B - Col/ Ws,12.253
22616,5,3G21,G - Ler/Col,9.091
22616,5,3C11,C - Ws/Ler,6.816
22616,5,3C61,C - Ws/Ler,11.363
22616,5,3D61,D - Ler/ Ws,8.131
22616,5,3D11,D - Ler/ Ws,8.98
22616,5,3G31,G - Ler/Col,5.257
22616,5,3B41,B - Col/ Ws,8.389
22616,5,3B11,B - Col/ Ws,8.23
22616,5,3F61,F - Col/Ler,4.132
22616,5,3A41,A - Ws/Col,7.203
22816,5,3G41,G - Ler/Col,4.772
22816,5,3G61,G - Ler/Col,10.273
22816,5,3C41,C - Ws/Ler,12.476
22816,5,3D41,D - Ler/ Ws,4.646
22816,5,3G51,G - Ler/Col,7.6
22816,5,3B21,B - Col/ Ws,8.79
22816,5,3A21,A - Ws/Col,11.871
22816,5,3B61,B - Col/ Ws,3.988
22816,5,3D51,D - Ler/ Ws,0
22816,5,3C51,C - Ws/Ler,12.983
22816,5,3A11,A - Ws/Col,14.28
22816,5,3C21,C - Ws/Ler,10.133
22816,5,3F31,F - Col/Ler,11.708
22816,5,3A51,A - Ws/Col,13.944
22816,5,3F11,F - Col/Ler,10.256
22816,5,3F51,F - Col/Ler,8.53
22816,5,3F21,F - Col/Ler,14.276
22816,5,3A61,A - Ws/Col,12.275
22816,5,3D31,D - Ler/ Ws,8.931
22816,5,3B31,B - Col/ Ws,8.87
22816,5,3D21,D - Ler/ Ws,7.182
22816,5,3F41,F - Col/Ler,12.28
22816,5,3C31,C - Ws/Ler,11.2
22816,5,3A31,A - Ws/Col,11.854
22816,5,3G11,G - Ler/Col,9.47
22816,5,3B51,B - Col/ Ws,14.625
22816,5,3G21,G - Ler/Col,11.182
22816,5,3C11,C - Ws/Ler,8.176
22816,5,3C61,C - Ws/Ler,13.059
22816,5,3D61,D - Ler/ Ws,9.897
22816,5,3D11,D - Ler/ Ws,10.285
22816,5,3G31,G - Ler/Col,6.434
22816,5,3B41,B - Col/ Ws,10.01
22816,5,3B11,B - Col/ Ws,10.489
22816,5,3F61,F - Col/Ler,4.484
22816,5,3A41,A - Ws/Col,9.136
22816,3,4F31,F - Col/Ler,0.504
22816,3,4D51,D - Ler/ Ws,0.487
22816,3,4D41,D - Ler/ Ws,0.789
22816,3,4G21,G - Ler/Col,0.615
22816,3,4F61,F - Col/Ler,0.513
22816,3,4D11,D - Ler/ Ws,0.347
22816,3,4A11,A - Ws/Col,0.224
22816,3,4A41,A - Ws/Col,0.708
22816,3,4F41,F - Col/Ler,0.494
22816,3,4F21,F - Col/Ler,0.512
22816,3,4C11,C - Ws/Ler,0.662
22816,3,4A31,A - Ws/Col,0.734
22816,3,4F51,F - Col/Ler,0.484
22816,3,4A51,A - Ws/Col,0.629
22816,3,4G11,G - Ler/Col,0
22816,3,4C41,C - Ws/Ler,0.669
22816,3,4B41,B - Col/ Ws,0.228
22816,3,4G61,G - Ler/Col,0.198
22816,3,4F11,F - Col/Ler,0.449
22816,3,4B11,B - Col/ Ws,0.616
22816,3,4G51,G - Ler/Col,0.438
22816,3,4C21,C - Ws/Ler,0.616
22816,3,4A61,A - Ws/Col,0.268
22816,3,4B21,B - Col/ Ws,0.654
22816,3,4G41,G - Ler/Col,0.494
22816,3,4C51,C - Ws/Ler,0.61
22816,3,4D61,D - Ler/ Ws,0.528
22816,3,4D31,D - Ler/ Ws,0.198
30116,3,4G31,G - Ler/Col,0.472
30116,3,4B31,B - Col/ Ws,0.294
30116,3,4C61,C - Ws/Ler,0.339
30116,3,4B51,B - Col/ Ws,0.431
30116,3,4D21,D - Ler/ Ws,0.254
30116,3,4C31,C - Ws/Ler,0
30116,3,4A21,A - Ws/Col,0.252
30116,3,4B61,B - Col/ Ws,0.254
30116,3,4F31,F - Col/Ler,0.498
30116,3,4D51,D - Ler/ Ws,0.449
30116,3,4D41,D - Ler/ Ws,0.768
30116,3,4G21,G - Ler/Col,0.471
30116,3,4F61,F - Col/Ler,0.375
30116,3,4D11,D - Ler/ Ws,0.375
30116,3,4A11,A - Ws/Col,0.206
30116,3,4A41,A - Ws/Col,0.586
